{"sessionId":"e9412c","runId":"post-fix","hypothesisId":"B","location":"pollRadar:scan","message":"serial ingest snapshot","timestamp":5664,"data":{"avail":0,"rxLen":4,"hdr2451":-1,"hdr2417":0,"tail2451":-1,"tail2417":-1,"payloadLen":-1,"parsedCount":-1}}
{"sessionId":"e9412c","runId":"post-fix","hypothesisId":"B","location":"pollRadar:sample","message":"rx buffer sample","timestamp":5697,"data":{"hex":"AA AA 05 FD"}}
{"sessionId":"e9412c","runId":"post-fix","hypothesisId":"verify","location":"handleCompactFrame","message":"compact frame parsed","timestamp":5698,"data":{"avail":-1,"rxLen":10,"hdr2451":-1,"hdr2417":0,"tail2451":-1,"tail2417":-1,"payloadLen":10,"parsedCount":1}}
{"sessionId":"e9412c","runId":"post-fix","hypothesisId":"verify","location":"handleCompactFrame","message":"compact frame parsed","timestamp":5733,"data":{"avail":-1,"rxLen":10,"hdr2451":-1,"hdr2417":0,"tail2451":-1,"tail2417":-1,"payloadLen":10,"parsedCount":1}}
{"sessionId":"e9412c","runId":"post-fix","hypothesisId":"verify","location":"handleCompactFrame","message":"compact frame parsed","timestamp":5792,"data":{"avail":-1,"rxLen":10,"hdr2451":-1,"hdr2417":0,"tail2451":-1,"tail2417":-1,"payloadLen":10,"parsedCount":1}}
{"sessionId":"e9412c","runId":"post-fix","hypothesisId":"verify","location":"handleCompactFrame","message":"compact frame parsed","timestamp":5858,"data":{"avail":-1,"rxLen":10,"hdr2451":-1,"hdr2417":0,"tail2451":-1,"tail2417":-1,"payloadLen":10,"parsedCount":1}}
{"sessionId":"e9412c","runId":"post-fix","hypothesisId":"verify","location":"handleCompactFrame","message":"compact frame parsed","timestamp":5920,"data":{"avail":-1,"rxLen":10,"hdr2451":-1,"hdr2417":0,"tail2451":-1,"tail2417":-1,"payloadLen":10,"parsedCount":1}}
{"sessionId":"e9412c","runId":"post-fix","hypothesisId":"verify","location":"handleCompactFrame","message":"compact frame parsed","timestamp":5985,"data":{"avail":-1,"rxLen":10,"hdr2451":-1,"hdr2417":0,"tail2451":-1,"tail2417":-1,"payloadLen":10,"parsedCount":1}}
{"sessionId":"e9412c","runId":"post-fix","hypothesisId":"verify","location":"handleCompactFrame","message":"compact frame parsed","timestamp":6054,"data":{"avail":-1,"rxLen":10,"hdr2451":-1,"hdr2417":0,"tail2451":-1,"tail2417":-1,"payloadLen":10,"parsedCount":1}}
{"sessionId":"e9412c","runId":"post-fix","hypothesisId":"verify","location":"handleCompactFrame","message":"compact frame parsed","timestamp":6119,"data":{"avail":-1,"rxLen":10,"hdr2451":-1,"hdr2417":0,"tail2451":-1,"tail2417":-1,"payloadLen":10,"parsedCount":1}}
{"sessionId":"e9412c","runId":"post-fix","hypothesisId":"B","location":"pollRadar:scan","message":"serial ingest snapshot","timestamp":6164,"data":{"avail":0,"rxLen":80,"hdr2451":-1,"hdr2417":0,"tail2451":-1,"tail2417":-1,"payloadLen":-1,"parsedCount":-1}}
{"sessionId":"e9412c","runId":"post-fix","hypothesisId":"B","location":"pollRadar:sample","message":"rx buffer sample","timestamp":6197,"data":{"hex":"AA AA 05 FD 02 30 01 24 04 00 AA AA 04 FD 02 42"}}
{"sessionId":"e9412c","runId":"post-fix","hypothesisId":"verify","location":"handleCompactFrame","message":"compact frame parsed","timestamp":6198,"data":{"avail":-1,"rxLen":10,"hdr2451":-1,"hdr2417":0,"tail2451":-1,"tail2417":-1,"payloadLen":10,"parsedCount":1}}
{"sessionId":"e9412c","runId":"post-fix","hypothesisId":"verify","location":"handleCompactFrame","message":"compact frame parsed","timestamp":6245,"data":{"avail":-1,"rxLen":10,"hdr2451":-1,"hdr2417":0,"tail2451":-1,"tail2417":-1,"payloadLen":10,"parsedCount":1}}
{"sessionId":"e9412c","runId":"post-fix","hypothesisId":"verify","location":"handleCompactFrame","message":"compact frame parsed","timestamp":6314,"data":{"avail":-1,"rxLen":10,"hdr2451":-1,"hdr2417":0,"tail2451":-1,"tail2417":-1,"payloadLen":10,"parsedCount":1}}
{"sessionId":"e9412c","runId":"post-fix","hypothesisId":"verify","location":"handleCompactFrame","message":"compact frame parsed","timestamp":6382,"data":{"avail":-1,"rxLen":10,"hdr2451":-1,"hdr2417":0,"tail2451":-1,"tail2417":-1,"payloadLen":10,"parsedCount":1}}
{"sessionId":"e9412c","runId":"post-fix","hypothesisId":"verify","location":"handleCompactFrame","message":"compact frame parsed","timestamp":6448,"data":{"avail":-1,"rxLen":10,"hdr2451":-1,"hdr2417":0,"tail2451":-1,"tail2417":-1,"payloadLen":10,"parsedCount":1}}
{"sessionId":"e9412c","runId":"post-fix","hypothesisId":"verify","location":"handleCompactFrame","message":"compact frame parsed","timestamp":6509,"data":{"avail":-1,"rxLen":10,"hdr2451":-1,"hdr2417":0,"tail2451":-1,"tail2417":-1,"payloadLen":10,"parsedCount":1}}
{"sessionId":"e9412c","runId":"post-fix","hypothesisId":"verify","location":"handleCompactFrame","message":"compact frame parsed","timestamp":6574,"data":{"avail":-1,"rxLen":10,"hdr2451":-1,"hdr2417":0,"tail2451":-1,"tail2417":-1,"payloadLen":10,"parsedCount":1}}
{"sessionId":"e9412c","runId":"post-fix","hypothesisId":"verify","location":"handleCompactFrame","message":"compact frame parsed","timestamp":6636,"data":{"avail":-1,"rxLen":10,"hdr2451":-1,"hdr2417":0,"tail2451":-1,"tail2417":-1,"payloadLen":10,"parsedCount":1}}
{"sessionId":"e9412c","runId":"post-fix","hypothesisId":"B","location":"pollRadar:scan","message":"serial ingest snapshot","timestamp":6664,"data":{"avail":0,"rxLen":112,"hdr2451":-1,"hdr2417":2,"tail2451":-1,"tail2417":-1,"payloadLen":-1,"parsedCount":-1}}
{"sessionId":"e9412c","runId":"post-fix","hypothesisId":"B","location":"pollRadar:sample","message":"rx buffer sample","timestamp":6697,"data":{"hex":"09 02 AA AA 03 10 02 70 01 07 09 02 AA AA 04 10"}}
{"sessionId":"e9412c","runId":"post-fix","hypothesisId":"verify","location":"handleCompactFrame","message":"compact frame parsed","timestamp":6703,"data":{"avail":-1,"rxLen":10,"hdr2451":-1,"hdr2417":0,"tail2451":-1,"tail2417":-1,"payloadLen":10,"parsedCount":1}}
{"sessionId":"e9412c","runId":"post-fix","hypothesisId":"verify","location":"handleCompactFrame","message":"compact frame parsed","timestamp":6769,"data":{"avail":-1,"rxLen":10,"hdr2451":-1,"hdr2417":0,"tail2451":-1,"tail2417":-1,"payloadLen":10,"parsedCount":1}}
{"sessionId":"e9412c","runId":"post-fix","hypothesisId":"verify","location":"handleCompactFrame","message":"compact frame parsed","timestamp":6834,"data":{"avail":-1,"rxLen":10,"hdr2451":-1,"hdr2417":0,"tail2451":-1,"tail2417":-1,"payloadLen":10,"parsedCount":1}}
{"sessionId":"e9412c","runId":"post-fix","hypothesisId":"verify","location":"handleCompactFrame","message":"compact frame parsed","timestamp":6898,"data":{"avail":-1,"rxLen":10,"hdr2451":-1,"hdr2417":0,"tail2451":-1,"tail2417":-1,"payloadLen":10,"parsedCount":1}}
{"sessionId":"e9412c","runId":"post-fix","hypothesisId":"verify","location":"handleCompactFrame","message":"compact frame parsed","timestamp":6965,"data":{"avail":-1,"rxLen":10,"hdr2451":-1,"hdr2417":0,"tail2451":-1,"tail2417":-1,"payloadLen":10,"parsedCount":1}}
{"sessionId":"e9412c","runId":"post-fix","hypothesisId":"verify","location":"handleCompactFrame","message":"compact frame parsed","timestamp":7031,"data":{"avail":-1,"rxLen":10,"hdr2451":-1,"hdr2417":0,"tail2451":-1,"tail2417":-1,"payloadLen":10,"parsedCount":1}}
{"sessionId":"e9412c","runId":"post-fix","hypothesisId":"verify","location":"handleCompactFrame","message":"compact frame parsed","timestamp":7097,"data":{"avail":-1,"rxLen":10,"hdr2451":-1,"hdr2417":0,"tail2451":-1,"tail2417":-1,"payloadLen":10,"parsedCount":1}}
{"sessionId":"e9412c","runId":"post-fix","hypothesisId":"B","location":"pollRadar:scan","message":"serial ingest snapshot","timestamp":7164,"data":{"avail":0,"rxLen":102,"hdr2451":-1,"hdr2417":2,"tail2451":-1,"tail2417":-1,"payloadLen":-1,"parsedCount":-1}}
{"sessionId":"e9412c","runId":"post-fix","hypothesisId":"B","location":"pollRadar:sample","message":"rx buffer sample","timestamp":7197,"data":{"hex":"08 02 AA AA 04 10 02 58 01 C8 08 02 AA AA 04 10"}}
{"sessionId":"e9412c","runId":"post-fix","hypothesisId":"verify","location":"handleCompactFrame","message":"compact frame parsed","timestamp":7198,"data":{"avail":-1,"rxLen":10,"hdr2451":-1,"hdr2417":0,"tail2451":-1,"tail2417":-1,"payloadLen":10,"parsedCount":1}}
{"sessionId":"e9412c","runId":"post-fix","hypothesisId":"verify","location":"handleCompactFrame","message":"compact frame parsed","timestamp":7232,"data":{"avail":-1,"rxLen":10,"hdr2451":-1,"hdr2417":0,"tail2451":-1,"tail2417":-1,"payloadLen":10,"parsedCount":1}}
{"sessionId":"e9412c","runId":"post-fix","hypothesisId":"verify","location":"handleCompactFrame","message":"compact frame parsed","timestamp":7295,"data":{"avail":-1,"rxLen":10,"hdr2451":-1,"hdr2417":0,"tail2451":-1,"tail2417":-1,"payloadLen":10,"parsedCount":1}}
{"sessionId":"e9412c","runId":"post-fix","hypothesisId":"verify","location":"handleCompactFrame","message":"compact frame parsed","timestamp":7363,"data":{"avail":-1,"rxLen":10,"hdr2451":-1,"hdr2417":0,"tail2451":-1,"tail2417":-1,"payloadLen":10,"parsedCount":1}}
{"sessionId":"e9412c","runId":"post-fix","hypothesisId":"verify","location":"handleCompactFrame","message":"compact frame parsed","timestamp":7427,"data":{"avail":-1,"rxLen":10,"hdr2451":-1,"hdr2417":0,"tail2451":-1,"tail2417":-1,"payloadLen":10,"parsedCount":1}}
{"sessionId":"e9412c","runId":"post-fix","hypothesisId":"verify","location":"handleCompactFrame","message":"compact frame parsed","timestamp":7492,"data":{"avail":-1,"rxLen":10,"hdr2451":-1,"hdr2417":0,"tail2451":-1,"tail2417":-1,"payloadLen":10,"parsedCount":1}}
{"sessionId":"e9412c","runId":"post-fix","hypothesisId":"verify","location":"handleCompactFrame","message":"compact frame parsed","timestamp":7551,"data":{"avail":-1,"rxLen":10,"hdr2451":-1,"hdr2417":0,"tail2451":-1,"tail2417":-1,"payloadLen":10,"parsedCount":1}}
{"sessionId":"e9412c","runId":"post-fix","hypothesisId":"verify","location":"handleCompactFrame","message":"compact frame parsed","timestamp":7618,"data":{"avail":-1,"rxLen":10,"hdr2451":-1,"hdr2417":0,"tail2451":-1,"tail2417":-1,"payloadLen":10,"parsedCount":1}}
{"sessionId":"e9412c","runId":"post-fix","hypothesisId":"B","location":"pollRadar:scan","message":"serial ingest snapshot","timestamp":7664,"data":{"avail":0,"rxLen":112,"hdr2451":-1,"hdr2417":2,"tail2451":-1,"tail2417":-1,"payloadLen":-1,"parsedCount":-1}}
{"sessionId":"e9412c","runId":"post-fix","hypothesisId":"B","location":"pollRadar:sample","message":"rx buffer sample","timestamp":7697,"data":{"hex":"09 02 AA AA 04 10 02 66 01 3A 09 02 AA AA 05 10"}}
{"sessionId":"e9412c","runId":"post-fix","hypothesisId":"verify","location":"handleCompactFrame","message":"compact frame parsed","timestamp":7698,"data":{"avail":-1,"rxLen":10,"hdr2451":-1,"hdr2417":0,"tail2451":-1,"tail2417":-1,"payloadLen":10,"parsedCount":1}}
{"sessionId":"e9412c","runId":"post-fix","hypothesisId":"verify","location":"handleCompactFrame","message":"compact frame parsed","timestamp":7743,"data":{"avail":-1,"rxLen":10,"hdr2451":-1,"hdr2417":0,"tail2451":-1,"tail2417":-1,"payloadLen":10,"parsedCount":1}}
{"sessionId":"e9412c","runId":"post-fix","hypothesisId":"verify","location":"handleCompactFrame","message":"compact frame parsed","timestamp":7814,"data":{"avail":-1,"rxLen":10,"hdr2451":-1,"hdr2417":0,"tail2451":-1,"tail2417":-1,"payloadLen":10,"parsedCount":1}}
{"sessionId":"e9412c","runId":"post-fix","hypothesisId":"verify","location":"handleCompactFrame","message":"compact frame parsed","timestamp":7875,"data":{"avail":-1,"rxLen":10,"hdr2451":-1,"hdr2417":0,"tail2451":-1,"tail2417":-1,"payloadLen":10,"parsedCount":1}}
{"sessionId":"e9412c","runId":"post-fix","hypothesisId":"verify","location":"handleCompactFrame","message":"compact frame parsed","timestamp":7943,"data":{"avail":-1,"rxLen":10,"hdr2451":-1,"hdr2417":0,"tail2451":-1,"tail2417":-1,"payloadLen":10,"parsedCount":1}}
{"sessionId":"e9412c","runId":"post-fix","hypothesisId":"verify","location":"handleCompactFrame","message":"compact frame parsed","timestamp":8010,"data":{"avail":-1,"rxLen":10,"hdr2451":-1,"hdr2417":0,"tail2451":-1,"tail2417":-1,"payloadLen":10,"parsedCount":1}}
{"sessionId":"e9412c","runId":"post-fix","hypothesisId":"verify","location":"handleCompactFrame","message":"compact frame parsed","timestamp":8074,"data":{"avail":-1,"rxLen":10,"hdr2451":-1,"hdr2417":0,"tail2451":-1,"tail2417":-1,"payloadLen":10,"parsedCount":1}}
{"sessionId":"e9412c","runId":"post-fix","hypothesisId":"verify","location":"handleCompactFrame","message":"compact frame parsed","timestamp":8141,"data":{"avail":-1,"rxLen":10,"hdr2451":-1,"hdr2417":0,"tail2451":-1,"tail2417":-1,"payloadLen":10,"parsedCount":1}}
{"sessionId":"e9412c","runId":"post-fix","hypothesisId":"B","location":"pollRadar:scan","message":"serial ingest snapshot","timestamp":8165,"data":{"avail":65,"rxLen":112,"hdr2451":-1,"hdr2417":2,"tail2451":-1,"tail2417":-1,"payloadLen":-1,"parsedCount":-1}}
{"sessionId":"e9412c","runId":"post-fix","hypothesisId":"B","location":"pollRadar:sample","message":"rx buffer sample","timestamp":8198,"data":{"hex":"09 02 AA AA 06 23 02 50 01 25 04 02 AA AA 05 23"}}
{"sessionId":"e9412c","runId":"post-fix","hypothesisId":"verify","location":"handleCompactFrame","message":"compact frame parsed","timestamp":8210,"data":{"avail":-1,"rxLen":10,"hdr2451":-1,"hdr2417":0,"tail2451":-1,"tail2417":-1,"payloadLen":10,"parsedCount":1}}
{"sessionId":"e9412c","runId":"post-fix","hypothesisId":"verify","location":"handleCompactFrame","message":"compact frame parsed","timestamp":8263,"data":{"avail":-1,"rxLen":10,"hdr2451":-1,"hdr2417":0,"tail2451":-1,"tail2417":-1,"payloadLen":10,"parsedCount":1}}
{"sessionId":"e9412c","runId":"post-fix","hypothesisId":"verify","location":"handleCompactFrame","message":"compact frame parsed","timestamp":8323,"data":{"avail":-1,"rxLen":10,"hdr2451":-1,"hdr2417":0,"tail2451":-1,"tail2417":-1,"payloadLen":10,"parsedCount":1}}
{"sessionId":"e9412c","runId":"post-fix","hypothesisId":"verify","location":"handleCompactFrame","message":"compact frame parsed","timestamp":8387,"data":{"avail":-1,"rxLen":10,"hdr2451":-1,"hdr2417":0,"tail2451":-1,"tail2417":-1,"payloadLen":10,"parsedCount":1}}
{"sessionId":"e9412c","runId":"post-fix","hypothesisId":"verify","location":"handleCompactFrame","message":"compact frame parsed","timestamp":8451,"data":{"avail":-1,"rxLen":10,"hdr2451":-1,"hdr2417":0,"tail2451":-1,"tail2417":-1,"payloadLen":10,"parsedCount":1}}
{"sessionId":"e9412c","runId":"post-fix","hypothesisId":"verify","location":"handleCompactFrame","message":"compact frame parsed","timestamp":8520,"data":{"avail":-1,"rxLen":10,"hdr2451":-1,"hdr2417":0,"tail2451":-1,"tail2417":-1,"payloadLen":10,"parsedCount":1}}
{"sessionId":"e9412c","runId":"post-fix","hypothesisId":"verify","location":"handleCompactFrame","message":"compact frame parsed","timestamp":8582,"data":{"avail":-1,"rxLen":10,"hdr2451":-1,"hdr2417":0,"tail2451":-1,"tail2417":-1,"payloadLen":10,"parsedCount":1}}
{"sessionId":"e9412c","runId":"post-fix","hypothesisId":"verify","location":"handleCompactFrame","message":"compact frame parsed","timestamp":8655,"data":{"avail":-1,"rxLen":10,"hdr2451":-1,"hdr2417":0,"tail2451":-1,"tail2417":-1,"payloadLen":10,"parsedCount":1}}
{"sessionId":"e9412c","runId":"post-fix","hypothesisId":"B","location":"pollRadar:scan","message":"serial ingest snapshot","timestamp":8678,"data":{"avail":45,"rxLen":112,"hdr2451":-1,"hdr2417":2,"tail2451":-1,"tail2417":-1,"payloadLen":-1,"parsedCount":-1}}
{"sessionId":"e9412c","runId":"post-fix","hypothesisId":"B","location":"pollRadar:sample","message":"rx buffer sample","timestamp":8711,"data":{"hex":"04 02 AA AA 06 10 02 95 01 B8 06 02 AA AA 06 10"}}
{"sessionId":"e9412c","runId":"post-fix","hypothesisId":"verify","location":"handleCompactFrame","message":"compact frame parsed","timestamp":8723,"data":{"avail":-1,"rxLen":10,"hdr2451":-1,"hdr2417":0,"tail2451":-1,"tail2417":-1,"payloadLen":10,"parsedCount":1}}
{"sessionId":"e9412c","runId":"post-fix","hypothesisId":"verify","location":"handleCompactFrame","message":"compact frame parsed","timestamp":8777,"data":{"avail":-1,"rxLen":10,"hdr2451":-1,"hdr2417":0,"tail2451":-1,"tail2417":-1,"payloadLen":10,"parsedCount":1}}
{"sessionId":"e9412c","runId":"post-fix","hypothesisId":"verify","location":"handleCompactFrame","message":"compact frame parsed","timestamp":8851,"data":{"avail":-1,"rxLen":10,"hdr2451":-1,"hdr2417":0,"tail2451":-1,"tail2417":-1,"payloadLen":10,"parsedCount":1}}
{"sessionId":"e9412c","runId":"post-fix","hypothesisId":"verify","location":"handleCompactFrame","message":"compact frame parsed","timestamp":8913,"data":{"avail":-1,"rxLen":10,"hdr2451":-1,"hdr2417":0,"tail2451":-1,"tail2417":-1,"payloadLen":10,"parsedCount":1}}
{"sessionId":"e9412c","runId":"post-fix","hypothesisId":"verify","location":"handleCompactFrame","message":"compact frame parsed","timestamp":8978,"data":{"avail":-1,"rxLen":10,"hdr2451":-1,"hdr2417":0,"tail2451":-1,"tail2417":-1,"payloadLen":10,"parsedCount":1}}
{"sessionId":"e9412c","runId":"post-fix","hypothesisId":"verify","location":"handleCompactFrame","message":"compact frame parsed","timestamp":9047,"data":{"avail":-1,"rxLen":10,"hdr2451":-1,"hdr2417":0,"tail2451":-1,"tail2417":-1,"payloadLen":10,"parsedCount":1}}
{"sessionId":"e9412c","runId":"post-fix","hypothesisId":"verify","location":"handleCompactFrame","message":"compact frame parsed","timestamp":9111,"data":{"avail":-1,"rxLen":10,"hdr2451":-1,"hdr2417":0,"tail2451":-1,"tail2417":-1,"payloadLen":10,"parsedCount":1}}
{"sessionId":"e9412c","runId":"post-fix","hypothesisId":"verify","location":"handleCompactFrame","message":"compact frame parsed","timestamp":9173,"data":{"avail":-1,"rxLen":10,"hdr2451":-1,"hdr2417":0,"tail2451":-1,"tail2417":-1,"payloadLen":10,"parsedCount":1}}
{"sessionId":"e9412c","runId":"post-fix","hypothesisId":"B","location":"pollRadar:scan","message":"serial ingest snapshot","timestamp":9196,"data":{"avail":45,"rxLen":112,"hdr2451":-1,"hdr2417":2,"tail2451":-1,"tail2417":-1,"payloadLen":-1,"parsedCount":-1}}
{"sessionId":"e9412c","runId":"post-fix","hypothesisId":"B","location":"pollRadar:sample","message":"rx buffer sample","timestamp":9229,"data":{"hex":"05 02 AA AA 02 2E 02 61 01 4A 0B 02 AA AA 02 2E"}}
{"sessionId":"e9412c","runId":"post-fix","hypothesisId":"verify","location":"handleCompactFrame","message":"compact frame parsed","timestamp":9242,"data":{"avail":-1,"rxLen":10,"hdr2451":-1,"hdr2417":0,"tail2451":-1,"tail2417":-1,"payloadLen":10,"parsedCount":1}}
{"sessionId":"e9412c","runId":"post-fix","hypothesisId":"verify","location":"handleCompactFrame","message":"compact frame parsed","timestamp":9310,"data":{"avail":-1,"rxLen":10,"hdr2451":-1,"hdr2417":0,"tail2451":-1,"tail2417":-1,"payloadLen":10,"parsedCount":1}}
{"sessionId":"e9412c","runId":"post-fix","hypothesisId":"verify","location":"handleCompactFrame","message":"compact frame parsed","timestamp":9375,"data":{"avail":-1,"rxLen":10,"hdr2451":-1,"hdr2417":0,"tail2451":-1,"tail2417":-1,"payloadLen":10,"parsedCount":1}}
{"sessionId":"e9412c","runId":"post-fix","hypothesisId":"verify","location":"handleCompactFrame","message":"compact frame parsed","timestamp":9441,"data":{"avail":-1,"rxLen":10,"hdr2451":-1,"hdr2417":0,"tail2451":-1,"tail2417":-1,"payloadLen":10,"parsedCount":1}}
{"sessionId":"e9412c","runId":"post-fix","hypothesisId":"verify","location":"handleCompactFrame","message":"compact frame parsed","timestamp":9507,"data":{"avail":-1,"rxLen":10,"hdr2451":-1,"hdr2417":0,"tail2451":-1,"tail2417":-1,"payloadLen":10,"parsedCount":1}}
{"sessionId":"e9412c","runId":"post-fix","hypothesisId":"verify","location":"handleCompactFrame","message":"compact frame parsed","timestamp":9573,"data":{"avail":-1,"rxLen":10,"hdr2451":-1,"hdr2417":0,"tail2451":-1,"tail2417":-1,"payloadLen":10,"parsedCount":1}}
{"sessionId":"e9412c","runId":"post-fix","hypothesisId":"verify","location":"handleCompactFrame","message":"compact frame parsed","timestamp":9635,"data":{"avail":-1,"rxLen":10,"hdr2451":-1,"hdr2417":0,"tail2451":-1,"tail2417":-1,"payloadLen":10,"parsedCount":1}}
{"sessionId":"e9412c","runId":"post-fix","hypothesisId":"B","location":"pollRadar:scan","message":"serial ingest snapshot","timestamp":9696,"data":{"avail":0,"rxLen":102,"hdr2451":-1,"hdr2417":2,"tail2451":-1,"tail2417":-1,"payloadLen":-1,"parsedCount":-1}}
{"sessionId":"e9412c","runId":"post-fix","hypothesisId":"B","location":"pollRadar:sample","message":"rx buffer sample","timestamp":9729,"data":{"hex":"06 00 AA AA 05 10 02 5F 01 28 06 02 AA AA 05 10"}}
{"sessionId":"e9412c","runId":"post-fix","hypothesisId":"verify","location":"handleCompactFrame","message":"compact frame parsed","timestamp":9730,"data":{"avail":-1,"rxLen":10,"hdr2451":-1,"hdr2417":0,"tail2451":-1,"tail2417":-1,"payloadLen":10,"parsedCount":1}}
{"sessionId":"e9412c","runId":"post-fix","hypothesisId":"verify","location":"handleCompactFrame","message":"compact frame parsed","timestamp":9765,"data":{"avail":-1,"rxLen":10,"hdr2451":-1,"hdr2417":0,"tail2451":-1,"tail2417":-1,"payloadLen":10,"parsedCount":1}}
{"sessionId":"e9412c","runId":"post-fix","hypothesisId":"verify","location":"handleCompactFrame","message":"compact frame parsed","timestamp":9835,"data":{"avail":-1,"rxLen":10,"hdr2451":-1,"hdr2417":0,"tail2451":-1,"tail2417":-1,"payloadLen":10,"parsedCount":1}}
{"sessionId":"e9412c","runId":"post-fix","hypothesisId":"verify","location":"handleCompactFrame","message":"compact frame parsed","timestamp":9894,"data":{"avail":-1,"rxLen":10,"hdr2451":-1,"hdr2417":0,"tail2451":-1,"tail2417":-1,"payloadLen":10,"parsedCount":1}}
{"sessionId":"e9412c","runId":"post-fix","hypothesisId":"verify","location":"handleCompactFrame","message":"compact frame parsed","timestamp":9957,"data":{"avail":-1,"rxLen":10,"hdr2451":-1,"hdr2417":0,"tail2451":-1,"tail2417":-1,"payloadLen":10,"parsedCount":1}}
{"sessionId":"e9412c","runId":"post-fix","hypothesisId":"verify","location":"handleCompactFrame","message":"compact frame parsed","timestamp":10025,"data":{"avail":-1,"rxLen":10,"hdr2451":-1,"hdr2417":0,"tail2451":-1,"tail2417":-1,"payloadLen":10,"parsedCount":1}}
{"sessionId":"e9412c","runId":"post-fix","hypothesisId":"verify","location":"handleCompactFrame","message":"compact frame parsed","timestamp":10090,"data":{"avail":-1,"rxLen":10,"hdr2451":-1,"hdr2417":0,"tail2451":-1,"tail2417":-1,"payloadLen":10,"parsedCount":1}}
{"sessionId":"e9412c","runId":"post-fix","hypothesisId":"verify","location":"handleCompactFrame","message":"compact frame parsed","timestamp":10148,"data":{"avail":-1,"rxLen":10,"hdr2451":-1,"hdr2417":0,"tail2451":-1,"tail2417":-1,"payloadLen":10,"parsedCount":1}}
{"sessionId":"e9412c","runId":"post-fix","hypothesisId":"B","location":"pollRadar:scan","message":"serial ingest snapshot","timestamp":10196,"data":{"avail":0,"rxLen":112,"hdr2451":-1,"hdr2417":2,"tail2451":-1,"tail2417":-1,"payloadLen":-1,"parsedCount":-1}}
{"sessionId":"e9412c","runId":"post-fix","hypothesisId":"B","location":"pollRadar:sample","message":"rx buffer sample","timestamp":10229,"data":{"hex":"05 00 AA AA 06 10 02 45 01 6F 05 02 AA AA 07 10"}}
{"sessionId":"e9412c","runId":"post-fix","hypothesisId":"verify","location":"handleCompactFrame","message":"compact frame parsed","timestamp":10230,"data":{"avail":-1,"rxLen":10,"hdr2451":-1,"hdr2417":0,"tail2451":-1,"tail2417":-1,"payloadLen":10,"parsedCount":1}}
{"sessionId":"e9412c","runId":"post-fix","hypothesisId":"verify","location":"handleCompactFrame","message":"compact frame parsed","timestamp":10277,"data":{"avail":-1,"rxLen":10,"hdr2451":-1,"hdr2417":0,"tail2451":-1,"tail2417":-1,"payloadLen":10,"parsedCount":1}}
{"sessionId":"e9412c","runId":"post-fix","hypothesisId":"verify","location":"handleCompactFrame","message":"compact frame parsed","timestamp":10352,"data":{"avail":-1,"rxLen":10,"hdr2451":-1,"hdr2417":0,"tail2451":-1,"tail2417":-1,"payloadLen":10,"parsedCount":1}}
{"sessionId":"e9412c","runId":"post-fix","hypothesisId":"verify","location":"handleCompactFrame","message":"compact frame parsed","timestamp":10402,"data":{"avail":-1,"rxLen":10,"hdr2451":-1,"hdr2417":0,"tail2451":-1,"tail2417":-1,"payloadLen":10,"parsedCount":1}}
{"sessionId":"e9412c","runId":"post-fix","hypothesisId":"verify","location":"handleCompactFrame","message":"compact frame parsed","timestamp":10470,"data":{"avail":-1,"rxLen":10,"hdr2451":-1,"hdr2417":0,"tail2451":-1,"tail2417":-1,"payloadLen":10,"parsedCount":1}}
{"sessionId":"e9412c","runId":"post-fix","hypothesisId":"verify","location":"handleCompactFrame","message":"compact frame parsed","timestamp":10541,"data":{"avail":-1,"rxLen":10,"hdr2451":-1,"hdr2417":0,"tail2451":-1,"tail2417":-1,"payloadLen":10,"parsedCount":1}}
{"sessionId":"e9412c","runId":"post-fix","hypothesisId":"verify","location":"handleCompactFrame","message":"compact frame parsed","timestamp":10605,"data":{"avail":-1,"rxLen":10,"hdr2451":-1,"hdr2417":0,"tail2451":-1,"tail2417":-1,"payloadLen":10,"parsedCount":1}}
{"sessionId":"e9412c","runId":"post-fix","hypothesisId":"verify","location":"handleCompactFrame","message":"compact frame parsed","timestamp":10669,"data":{"avail":-1,"rxLen":10,"hdr2451":-1,"hdr2417":0,"tail2451":-1,"tail2417":-1,"payloadLen":10,"parsedCount":1}}
{"sessionId":"e9412c","runId":"post-fix","hypothesisId":"B","location":"pollRadar:scan","message":"serial ingest snapshot","timestamp":10696,"data":{"avail":0,"rxLen":112,"hdr2451":-1,"hdr2417":2,"tail2451":-1,"tail2417":-1,"payloadLen":-1,"parsedCount":-1}}
{"sessionId":"e9412c","runId":"post-fix","hypothesisId":"B","location":"pollRadar:sample","message":"rx buffer sample","timestamp":10729,"data":{"hex":"03 02 AA AA 06 10 02 6D 01 28 04 02 AA AA 06 10"}}
{"sessionId":"e9412c","runId":"post-fix","hypothesisId":"verify","location":"handleCompactFrame","message":"compact frame parsed","timestamp":10741,"data":{"avail":-1,"rxLen":10,"hdr2451":-1,"hdr2417":0,"tail2451":-1,"tail2417":-1,"payloadLen":10,"parsedCount":1}}
{"sessionId":"e9412c","runId":"post-fix","hypothesisId":"verify","location":"handleCompactFrame","message":"compact frame parsed","timestamp":10921,"data":{"avail":-1,"rxLen":10,"hdr2451":-1,"hdr2417":0,"tail2451":-1,"tail2417":-1,"payloadLen":10,"parsedCount":1}}
{"sessionId":"e9412c","runId":"post-fix","hypothesisId":"verify","location":"handleCompactFrame","message":"compact frame parsed","timestamp":10983,"data":{"avail":-1,"rxLen":10,"hdr2451":-1,"hdr2417":0,"tail2451":-1,"tail2417":-1,"payloadLen":10,"parsedCount":1}}
{"sessionId":"e9412c","runId":"post-fix","hypothesisId":"verify","location":"handleCompactFrame","message":"compact frame parsed","timestamp":11051,"data":{"avail":-1,"rxLen":10,"hdr2451":-1,"hdr2417":0,"tail2451":-1,"tail2417":-1,"payloadLen":10,"parsedCount":1}}
{"sessionId":"e9412c","runId":"post-fix","hypothesisId":"verify","location":"handleCompactFrame","message":"compact frame parsed","timestamp":11115,"data":{"avail":-1,"rxLen":10,"hdr2451":-1,"hdr2417":0,"tail2451":-1,"tail2417":-1,"payloadLen":10,"parsedCount":1}}
{"sessionId":"e9412c","runId":"post-fix","hypothesisId":"verify","location":"handleCompactFrame","message":"compact frame parsed","timestamp":11180,"data":{"avail":-1,"rxLen":10,"hdr2451":-1,"hdr2417":0,"tail2451":-1,"tail2417":-1,"payloadLen":10,"parsedCount":1}}
{"sessionId":"e9412c","runId":"post-fix","hypothesisId":"B","location":"pollRadar:scan","message":"serial ingest snapshot","timestamp":11203,"data":{"avail":25,"rxLen":102,"hdr2451":-1,"hdr2417":2,"tail2451":-1,"tail2417":45,"payloadLen":-1,"parsedCount":-1}}
{"sessionId":"e9412c","runId":"post-fix","hypothesisId":"B","location":"pollRadar:sample","message":"rx buffer sample","timestamp":11236,"data":{"hex":"04 02 AA AA 05 10 02 74 01 6A 04 02 AA AA 04 10"}}
{"sessionId":"e9412c","runId":"post-fix","hypothesisId":"verify","location":"handleCompactFrame","message":"compact frame parsed","timestamp":11248,"data":{"avail":-1,"rxLen":10,"hdr2451":-1,"hdr2417":0,"tail2451":-1,"tail2417":-1,"payloadLen":10,"parsedCount":1}}
{"sessionId":"e9412c","runId":"post-fix","hypothesisId":"verify","location":"handleCompactFrame","message":"compact frame parsed","timestamp":11307,"data":{"avail":-1,"rxLen":10,"hdr2451":-1,"hdr2417":0,"tail2451":-1,"tail2417":-1,"payloadLen":10,"parsedCount":1}}
{"sessionId":"e9412c","runId":"post-fix","hypothesisId":"verify","location":"handleCompactFrame","message":"compact frame parsed","timestamp":11442,"data":{"avail":-1,"rxLen":10,"hdr2451":-1,"hdr2417":0,"tail2451":-1,"tail2417":-1,"payloadLen":10,"parsedCount":1}}
{"sessionId":"e9412c","runId":"post-fix","hypothesisId":"verify","location":"handleCompactFrame","message":"compact frame parsed","timestamp":11506,"data":{"avail":-1,"rxLen":10,"hdr2451":-1,"hdr2417":0,"tail2451":-1,"tail2417":-1,"payloadLen":10,"parsedCount":1}}
{"sessionId":"e9412c","runId":"post-fix","hypothesisId":"verify","location":"handleCompactFrame","message":"compact frame parsed","timestamp":11635,"data":{"avail":-1,"rxLen":10,"hdr2451":-1,"hdr2417":0,"tail2451":-1,"tail2417":-1,"payloadLen":10,"parsedCount":1}}
{"sessionId":"e9412c","runId":"post-fix","hypothesisId":"verify","location":"handleCompactFrame","message":"compact frame parsed","timestamp":11701,"data":{"avail":-1,"rxLen":10,"hdr2451":-1,"hdr2417":0,"tail2451":-1,"tail2417":-1,"payloadLen":10,"parsedCount":1}}
{"sessionId":"e9412c","runId":"post-fix","hypothesisId":"B","location":"pollRadar:scan","message":"serial ingest snapshot","timestamp":11723,"data":{"avail":0,"rxLen":102,"hdr2451":-1,"hdr2417":2,"tail2451":-1,"tail2417":55,"payloadLen":-1,"parsedCount":-1}}
{"sessionId":"e9412c","runId":"post-fix","hypothesisId":"B","location":"pollRadar:sample","message":"rx buffer sample","timestamp":11757,"data":{"hex":"04 00 AA AA 02 10 02 87 01 5C 04 02 AA AA 02 10"}}
{"sessionId":"e9412c","runId":"post-fix","hypothesisId":"verify","location":"handleCompactFrame","message":"compact frame parsed","timestamp":11769,"data":{"avail":-1,"rxLen":10,"hdr2451":-1,"hdr2417":0,"tail2451":-1,"tail2417":-1,"payloadLen":10,"parsedCount":1}}
{"sessionId":"e9412c","runId":"post-fix","hypothesisId":"verify","location":"handleCompactFrame","message":"compact frame parsed","timestamp":11830,"data":{"avail":-1,"rxLen":10,"hdr2451":-1,"hdr2417":0,"tail2451":-1,"tail2417":-1,"payloadLen":10,"parsedCount":1}}
{"sessionId":"e9412c","runId":"post-fix","hypothesisId":"verify","location":"handleCompactFrame","message":"compact frame parsed","timestamp":11892,"data":{"avail":-1,"rxLen":10,"hdr2451":-1,"hdr2417":0,"tail2451":-1,"tail2417":-1,"payloadLen":10,"parsedCount":1}}
{"sessionId":"e9412c","runId":"post-fix","hypothesisId":"verify","location":"handleCompactFrame","message":"compact frame parsed","timestamp":11957,"data":{"avail":-1,"rxLen":10,"hdr2451":-1,"hdr2417":0,"tail2451":-1,"tail2417":-1,"payloadLen":10,"parsedCount":1}}
{"sessionId":"e9412c","runId":"post-fix","hypothesisId":"B","location":"pollRadar:scan","message":"serial ingest snapshot","timestamp":12223,"data":{"avail":0,"rxLen":92,"hdr2451":-1,"hdr2417":7,"tail2451":-1,"tail2417":10,"payloadLen":-1,"parsedCount":-1}}
{"sessionId":"e9412c","runId":"post-fix","hypothesisId":"B","location":"pollRadar:sample","message":"rx buffer sample","timestamp":12256,"data":{"hex":"E1 02 42 01 0C 06 02 AA AA 00 55 55 AA AA 02 10"}}
{"sessionId":"e9412c","runId":"post-fix","hypothesisId":"B","location":"pollRadar:scan","message":"serial ingest snapshot","timestamp":12723,"data":{"avail":0,"rxLen":67,"hdr2451":-1,"hdr2417":2,"tail2451":-1,"tail2417":15,"payloadLen":-1,"parsedCount":-1}}
{"sessionId":"e9412c","runId":"post-fix","hypothesisId":"B","location":"pollRadar:sample","message":"rx buffer sample","timestamp":12756,"data":{"hex":"07 00 AA AA 01 E1 02 FB 01 9A 07 00 AA AA 00 55"}}
{"sessionId":"e9412c","runId":"post-fix","hypothesisId":"verify","location":"handleCompactFrame","message":"compact frame parsed","timestamp":12998,"data":{"avail":-1,"rxLen":10,"hdr2451":-1,"hdr2417":0,"tail2451":-1,"tail2417":-1,"payloadLen":10,"parsedCount":1}}
{"sessionId":"e9412c","runId":"post-fix","hypothesisId":"verify","location":"handleCompactFrame","message":"compact frame parsed","timestamp":13061,"data":{"avail":-1,"rxLen":10,"hdr2451":-1,"hdr2417":0,"tail2451":-1,"tail2417":-1,"payloadLen":10,"parsedCount":1}}
{"sessionId":"e9412c","runId":"post-fix","hypothesisId":"B","location":"pollRadar:scan","message":"serial ingest snapshot","timestamp":13223,"data":{"avail":0,"rxLen":82,"hdr2451":-1,"hdr2417":2,"tail2451":-1,"tail2417":5,"payloadLen":-1,"parsedCount":-1}}
{"sessionId":"e9412c","runId":"post-fix","hypothesisId":"B","location":"pollRadar:sample","message":"rx buffer sample","timestamp":13256,"data":{"hex":"55 55 AA AA 00 55 55 AA AA 00 55 55 AA AA 00 55"}}
{"sessionId":"e9412c","runId":"post-fix","hypothesisId":"B","location":"pollRadar:scan","message":"serial ingest snapshot","timestamp":13723,"data":{"avail":0,"rxLen":72,"hdr2451":-1,"hdr2417":2,"tail2451":-1,"tail2417":25,"payloadLen":-1,"parsedCount":-1}}
{"sessionId":"e9412c","runId":"post-fix","hypothesisId":"B","location":"pollRadar:sample","message":"rx buffer sample","timestamp":13756,"data":{"hex":"55 55 AA AA 01 74 02 7A 01 8F 02 02 AA AA 01 74"}}
{"sessionId":"e9412c","runId":"post-fix","hypothesisId":"verify","location":"handleCompactFrame","message":"compact frame parsed","timestamp":13845,"data":{"avail":-1,"rxLen":10,"hdr2451":-1,"hdr2417":0,"tail2451":-1,"tail2417":-1,"payloadLen":10,"parsedCount":1}}
{"sessionId":"e9412c","runId":"post-fix","hypothesisId":"verify","location":"handleCompactFrame","message":"compact frame parsed","timestamp":13909,"data":{"avail":-1,"rxLen":10,"hdr2451":-1,"hdr2417":0,"tail2451":-1,"tail2417":-1,"payloadLen":10,"parsedCount":1}}
{"sessionId":"e9412c","runId":"post-fix","hypothesisId":"verify","location":"handleCompactFrame","message":"compact frame parsed","timestamp":13974,"data":{"avail":-1,"rxLen":10,"hdr2451":-1,"hdr2417":0,"tail2451":-1,"tail2417":-1,"payloadLen":10,"parsedCount":1}}
{"sessionId":"e9412c","runId":"post-fix","hypothesisId":"verify","location":"handleCompactFrame","message":"compact frame parsed","timestamp":14047,"data":{"avail":-1,"rxLen":10,"hdr2451":-1,"hdr2417":0,"tail2451":-1,"tail2417":-1,"payloadLen":10,"parsedCount":1}}
{"sessionId":"e9412c","runId":"post-fix","hypothesisId":"verify","location":"handleCompactFrame","message":"compact frame parsed","timestamp":14109,"data":{"avail":-1,"rxLen":10,"hdr2451":-1,"hdr2417":0,"tail2451":-1,"tail2417":-1,"payloadLen":10,"parsedCount":1}}
{"sessionId":"e9412c","runId":"post-fix","hypothesisId":"verify","location":"handleCompactFrame","message":"compact frame parsed","timestamp":14167,"data":{"avail":-1,"rxLen":10,"hdr2451":-1,"hdr2417":0,"tail2451":-1,"tail2417":-1,"payloadLen":10,"parsedCount":1}}
{"sessionId":"e9412c","runId":"post-fix","hypothesisId":"B","location":"pollRadar:scan","message":"serial ingest snapshot","timestamp":14223,"data":{"avail":0,"rxLen":97,"hdr2451":-1,"hdr2417":2,"tail2451":-1,"tail2417":5,"payloadLen":-1,"parsedCount":-1}}
{"sessionId":"e9412c","runId":"post-fix","hypothesisId":"B","location":"pollRadar:sample","message":"rx buffer sample","timestamp":14256,"data":{"hex":"55 55 AA AA 00 55 55 AA AA 00 55 55 AA AA 00 55"}}
{"sessionId":"e9412c","runId":"post-fix","hypothesisId":"verify","location":"handleCompactFrame","message":"compact frame parsed","timestamp":14561,"data":{"avail":-1,"rxLen":10,"hdr2451":-1,"hdr2417":0,"tail2451":-1,"tail2417":-1,"payloadLen":10,"parsedCount":1}}
{"sessionId":"e9412c","runId":"post-fix","hypothesisId":"verify","location":"handleCompactFrame","message":"compact frame parsed","timestamp":14623,"data":{"avail":-1,"rxLen":10,"hdr2451":-1,"hdr2417":0,"tail2451":-1,"tail2417":-1,"payloadLen":10,"parsedCount":1}}
{"sessionId":"e9412c","runId":"post-fix","hypothesisId":"verify","location":"handleCompactFrame","message":"compact frame parsed","timestamp":14689,"data":{"avail":-1,"rxLen":10,"hdr2451":-1,"hdr2417":0,"tail2451":-1,"tail2417":-1,"payloadLen":10,"parsedCount":1}}
{"sessionId":"e9412c","runId":"post-fix","hypothesisId":"B","location":"pollRadar:scan","message":"serial ingest snapshot","timestamp":14723,"data":{"avail":0,"rxLen":87,"hdr2451":-1,"hdr2417":2,"tail2451":-1,"tail2417":35,"payloadLen":-1,"parsedCount":-1}}
{"sessionId":"e9412c","runId":"post-fix","hypothesisId":"B","location":"pollRadar:sample","message":"rx buffer sample","timestamp":14756,"data":{"hex":"0B 00 AA AA 04 C1 02 48 01 97 08 02 AA AA 03 C2"}}
{"sessionId":"e9412c","runId":"post-fix","hypothesisId":"verify","location":"handleCompactFrame","message":"compact frame parsed","timestamp":14757,"data":{"avail":-1,"rxLen":10,"hdr2451":-1,"hdr2417":0,"tail2451":-1,"tail2417":-1,"payloadLen":10,"parsedCount":1}}
{"sessionId":"e9412c","runId":"post-fix","hypothesisId":"verify","location":"handleCompactFrame","message":"compact frame parsed","timestamp":14821,"data":{"avail":-1,"rxLen":10,"hdr2451":-1,"hdr2417":0,"tail2451":-1,"tail2417":-1,"payloadLen":10,"parsedCount":1}}
{"sessionId":"e9412c","runId":"post-fix","hypothesisId":"verify","location":"handleCompactFrame","message":"compact frame parsed","timestamp":14885,"data":{"avail":-1,"rxLen":10,"hdr2451":-1,"hdr2417":0,"tail2451":-1,"tail2417":-1,"payloadLen":10,"parsedCount":1}}
{"sessionId":"e9412c","runId":"post-fix","hypothesisId":"verify","location":"handleCompactFrame","message":"compact frame parsed","timestamp":14950,"data":{"avail":-1,"rxLen":10,"hdr2451":-1,"hdr2417":0,"tail2451":-1,"tail2417":-1,"payloadLen":10,"parsedCount":1}}
{"sessionId":"e9412c","runId":"post-fix","hypothesisId":"verify","location":"handleCompactFrame","message":"compact frame parsed","timestamp":15016,"data":{"avail":-1,"rxLen":10,"hdr2451":-1,"hdr2417":0,"tail2451":-1,"tail2417":-1,"payloadLen":10,"parsedCount":1}}
{"sessionId":"e9412c","runId":"post-fix","hypothesisId":"verify","location":"handleCompactFrame","message":"compact frame parsed","timestamp":15080,"data":{"avail":-1,"rxLen":10,"hdr2451":-1,"hdr2417":0,"tail2451":-1,"tail2417":-1,"payloadLen":10,"parsedCount":1}}
{"sessionId":"e9412c","runId":"post-fix","hypothesisId":"verify","location":"handleCompactFrame","message":"compact frame parsed","timestamp":15144,"data":{"avail":-1,"rxLen":10,"hdr2451":-1,"hdr2417":0,"tail2451":-1,"tail2417":-1,"payloadLen":10,"parsedCount":1}}
{"sessionId":"e9412c","runId":"post-fix","hypothesisId":"B","location":"pollRadar:scan","message":"serial ingest snapshot","timestamp":15223,"data":{"avail":0,"rxLen":108,"hdr2451":-1,"hdr2417":2,"tail2451":-1,"tail2417":106,"payloadLen":-1,"parsedCount":-1}}
{"sessionId":"e9412c","runId":"post-fix","hypothesisId":"B","location":"pollRadar:sample","message":"rx buffer sample","timestamp":15256,"data":{"hex":"55 55 AA AA 02 E6 01 4A 01 7B 08 02 AA AA 01 E0"}}
{"sessionId":"e9412c","runId":"post-fix","hypothesisId":"verify","location":"handleCompactFrame","message":"compact frame parsed","timestamp":15338,"data":{"avail":-1,"rxLen":10,"hdr2451":-1,"hdr2417":0,"tail2451":-1,"tail2417":-1,"payloadLen":10,"parsedCount":1}}
{"sessionId":"e9412c","runId":"post-fix","hypothesisId":"verify","location":"handleCompactFrame","message":"compact frame parsed","timestamp":15406,"data":{"avail":-1,"rxLen":10,"hdr2451":-1,"hdr2417":0,"tail2451":-1,"tail2417":-1,"payloadLen":10,"parsedCount":1}}
{"sessionId":"e9412c","runId":"post-fix","hypothesisId":"verify","location":"handleCompactFrame","message":"compact frame parsed","timestamp":15468,"data":{"avail":-1,"rxLen":10,"hdr2451":-1,"hdr2417":0,"tail2451":-1,"tail2417":-1,"payloadLen":10,"parsedCount":1}}
{"sessionId":"e9412c","runId":"post-fix","hypothesisId":"verify","location":"handleCompactFrame","message":"compact frame parsed","timestamp":15537,"data":{"avail":-1,"rxLen":10,"hdr2451":-1,"hdr2417":0,"tail2451":-1,"tail2417":-1,"payloadLen":10,"parsedCount":1}}
{"sessionId":"e9412c","runId":"post-fix","hypothesisId":"verify","location":"handleCompactFrame","message":"compact frame parsed","timestamp":15598,"data":{"avail":-1,"rxLen":10,"hdr2451":-1,"hdr2417":0,"tail2451":-1,"tail2417":-1,"payloadLen":10,"parsedCount":1}}
{"sessionId":"e9412c","runId":"post-fix","hypothesisId":"verify","location":"handleCompactFrame","message":"compact frame parsed","timestamp":15662,"data":{"avail":-1,"rxLen":10,"hdr2451":-1,"hdr2417":0,"tail2451":-1,"tail2417":-1,"payloadLen":10,"parsedCount":1}}
{"sessionId":"e9412c","runId":"post-fix","hypothesisId":"B","location":"pollRadar:scan","message":"serial ingest snapshot","timestamp":15723,"data":{"avail":0,"rxLen":97,"hdr2451":-1,"hdr2417":7,"tail2451":-1,"tail2417":30,"payloadLen":-1,"parsedCount":-1}}
{"sessionId":"e9412c","runId":"post-fix","hypothesisId":"B","location":"pollRadar:sample","message":"rx buffer sample","timestamp":15756,"data":{"hex":"E4 01 46 01 0A 02 02 AA AA 02 E4 01 39 01 A8 01"}}
{"sessionId":"e9412c","runId":"post-fix","hypothesisId":"verify","location":"handleCompactFrame","message":"compact frame parsed","timestamp":15757,"data":{"avail":-1,"rxLen":10,"hdr2451":-1,"hdr2417":0,"tail2451":-1,"tail2417":-1,"payloadLen":10,"parsedCount":1}}
{"sessionId":"e9412c","runId":"post-fix","hypothesisId":"verify","location":"handleCompactFrame","message":"compact frame parsed","timestamp":15795,"data":{"avail":-1,"rxLen":10,"hdr2451":-1,"hdr2417":0,"tail2451":-1,"tail2417":-1,"payloadLen":10,"parsedCount":1}}
{"sessionId":"e9412c","runId":"post-fix","hypothesisId":"verify","location":"handleCompactFrame","message":"compact frame parsed","timestamp":15871,"data":{"avail":-1,"rxLen":10,"hdr2451":-1,"hdr2417":0,"tail2451":-1,"tail2417":-1,"payloadLen":10,"parsedCount":1}}
{"sessionId":"e9412c","runId":"post-fix","hypothesisId":"verify","location":"handleCompactFrame","message":"compact frame parsed","timestamp":15933,"data":{"avail":-1,"rxLen":10,"hdr2451":-1,"hdr2417":0,"tail2451":-1,"tail2417":-1,"payloadLen":10,"parsedCount":1}}
{"sessionId":"e9412c","runId":"post-fix","hypothesisId":"verify","location":"handleCompactFrame","message":"compact frame parsed","timestamp":15996,"data":{"avail":-1,"rxLen":10,"hdr2451":-1,"hdr2417":0,"tail2451":-1,"tail2417":-1,"payloadLen":10,"parsedCount":1}}
{"sessionId":"e9412c","runId":"post-fix","hypothesisId":"verify","location":"handleCompactFrame","message":"compact frame parsed","timestamp":16062,"data":{"avail":-1,"rxLen":10,"hdr2451":-1,"hdr2417":0,"tail2451":-1,"tail2417":-1,"payloadLen":10,"parsedCount":1}}
{"sessionId":"e9412c","runId":"post-fix","hypothesisId":"verify","location":"handleCompactFrame","message":"compact frame parsed","timestamp":16124,"data":{"avail":-1,"rxLen":10,"hdr2451":-1,"hdr2417":0,"tail2451":-1,"tail2417":-1,"payloadLen":10,"parsedCount":1}}
{"sessionId":"e9412c","runId":"post-fix","hypothesisId":"verify","location":"handleCompactFrame","message":"compact frame parsed","timestamp":16190,"data":{"avail":-1,"rxLen":10,"hdr2451":-1,"hdr2417":0,"tail2451":-1,"tail2417":-1,"payloadLen":10,"parsedCount":1}}
{"sessionId":"e9412c","runId":"post-fix","hypothesisId":"B","location":"pollRadar:scan","message":"serial ingest snapshot","timestamp":16223,"data":{"avail":0,"rxLen":112,"hdr2451":-1,"hdr2417":2,"tail2451":-1,"tail2417":-1,"payloadLen":-1,"parsedCount":-1}}
{"sessionId":"e9412c","runId":"post-fix","hypothesisId":"B","location":"pollRadar:sample","message":"rx buffer sample","timestamp":16256,"data":{"hex":"01 02 AA AA 02 E4 01 3F 01 BD 01 02 AA AA 01 0D"}}
{"sessionId":"e9412c","runId":"post-fix","hypothesisId":"verify","location":"handleCompactFrame","message":"compact frame parsed","timestamp":16257,"data":{"avail":-1,"rxLen":10,"hdr2451":-1,"hdr2417":0,"tail2451":-1,"tail2417":-1,"payloadLen":10,"parsedCount":1}}
{"sessionId":"e9412c","runId":"post-fix","hypothesisId":"verify","location":"handleCompactFrame","message":"compact frame parsed","timestamp":16318,"data":{"avail":-1,"rxLen":10,"hdr2451":-1,"hdr2417":0,"tail2451":-1,"tail2417":-1,"payloadLen":10,"parsedCount":1}}
{"sessionId":"e9412c","runId":"post-fix","hypothesisId":"verify","location":"handleCompactFrame","message":"compact frame parsed","timestamp":16382,"data":{"avail":-1,"rxLen":10,"hdr2451":-1,"hdr2417":0,"tail2451":-1,"tail2417":-1,"payloadLen":10,"parsedCount":1}}
{"sessionId":"e9412c","runId":"post-fix","hypothesisId":"verify","location":"handleCompactFrame","message":"compact frame parsed","timestamp":16446,"data":{"avail":-1,"rxLen":10,"hdr2451":-1,"hdr2417":0,"tail2451":-1,"tail2417":-1,"payloadLen":10,"parsedCount":1}}
{"sessionId":"e9412c","runId":"post-fix","hypothesisId":"verify","location":"handleCompactFrame","message":"compact frame parsed","timestamp":16513,"data":{"avail":-1,"rxLen":10,"hdr2451":-1,"hdr2417":0,"tail2451":-1,"tail2417":-1,"payloadLen":10,"parsedCount":1}}
{"sessionId":"e9412c","runId":"post-fix","hypothesisId":"verify","location":"handleCompactFrame","message":"compact frame parsed","timestamp":16576,"data":{"avail":-1,"rxLen":10,"hdr2451":-1,"hdr2417":0,"tail2451":-1,"tail2417":-1,"payloadLen":10,"parsedCount":1}}
{"sessionId":"e9412c","runId":"post-fix","hypothesisId":"verify","location":"handleCompactFrame","message":"compact frame parsed","timestamp":16642,"data":{"avail":-1,"rxLen":10,"hdr2451":-1,"hdr2417":0,"tail2451":-1,"tail2417":-1,"payloadLen":10,"parsedCount":1}}
{"sessionId":"e9412c","runId":"post-fix","hypothesisId":"verify","location":"handleCompactFrame","message":"compact frame parsed","timestamp":16706,"data":{"avail":-1,"rxLen":10,"hdr2451":-1,"hdr2417":0,"tail2451":-1,"tail2417":-1,"payloadLen":10,"parsedCount":1}}
{"sessionId":"e9412c","runId":"post-fix","hypothesisId":"B","location":"pollRadar:scan","message":"serial ingest snapshot","timestamp":16729,"data":{"avail":0,"rxLen":112,"hdr2451":-1,"hdr2417":2,"tail2451":-1,"tail2417":-1,"payloadLen":-1,"parsedCount":-1}}
{"sessionId":"e9412c","runId":"post-fix","hypothesisId":"B","location":"pollRadar:sample","message":"rx buffer sample","timestamp":16762,"data":{"hex":"01 02 AA AA 05 E4 01 6D 01 43 02 02 AA AA 04 E4"}}
{"sessionId":"e9412c","runId":"post-fix","hypothesisId":"verify","location":"handleCompactFrame","message":"compact frame parsed","timestamp":16774,"data":{"avail":-1,"rxLen":10,"hdr2451":-1,"hdr2417":0,"tail2451":-1,"tail2417":-1,"payloadLen":10,"parsedCount":1}}
{"sessionId":"e9412c","runId":"post-fix","hypothesisId":"verify","location":"handleCompactFrame","message":"compact frame parsed","timestamp":16836,"data":{"avail":-1,"rxLen":10,"hdr2451":-1,"hdr2417":0,"tail2451":-1,"tail2417":-1,"payloadLen":10,"parsedCount":1}}
{"sessionId":"e9412c","runId":"post-fix","hypothesisId":"verify","location":"handleCompactFrame","message":"compact frame parsed","timestamp":17093,"data":{"avail":-1,"rxLen":10,"hdr2451":-1,"hdr2417":0,"tail2451":-1,"tail2417":-1,"payloadLen":10,"parsedCount":1}}
{"sessionId":"e9412c","runId":"post-fix","hypothesisId":"verify","location":"handleCompactFrame","message":"compact frame parsed","timestamp":17157,"data":{"avail":-1,"rxLen":10,"hdr2451":-1,"hdr2417":0,"tail2451":-1,"tail2417":-1,"payloadLen":10,"parsedCount":1}}
{"sessionId":"e9412c","runId":"post-fix","hypothesisId":"verify","location":"handleCompactFrame","message":"compact frame parsed","timestamp":17222,"data":{"avail":-1,"rxLen":10,"hdr2451":-1,"hdr2417":0,"tail2451":-1,"tail2417":-1,"payloadLen":10,"parsedCount":1}}
{"sessionId":"e9412c","runId":"post-fix","hypothesisId":"B","location":"pollRadar:scan","message":"serial ingest snapshot","timestamp":17244,"data":{"avail":15,"rxLen":97,"hdr2451":-1,"hdr2417":2,"tail2451":-1,"tail2417":55,"payloadLen":-1,"parsedCount":-1}}
{"sessionId":"e9412c","runId":"post-fix","hypothesisId":"B","location":"pollRadar:sample","message":"rx buffer sample","timestamp":17278,"data":{"hex":"01 00 AA AA 03 E4 01 6D 01 3B 02 02 AA AA 03 E4"}}
{"sessionId":"e9412c","runId":"post-fix","hypothesisId":"verify","location":"handleCompactFrame","message":"compact frame parsed","timestamp":17419,"data":{"avail":-1,"rxLen":10,"hdr2451":-1,"hdr2417":0,"tail2451":-1,"tail2417":-1,"payloadLen":10,"parsedCount":1}}
{"sessionId":"e9412c","runId":"post-fix","hypothesisId":"verify","location":"handleCompactFrame","message":"compact frame parsed","timestamp":17547,"data":{"avail":-1,"rxLen":10,"hdr2451":-1,"hdr2417":0,"tail2451":-1,"tail2417":-1,"payloadLen":10,"parsedCount":1}}
{"sessionId":"e9412c","runId":"post-fix","hypothesisId":"verify","location":"handleCompactFrame","message":"compact frame parsed","timestamp":17616,"data":{"avail":-1,"rxLen":10,"hdr2451":-1,"hdr2417":0,"tail2451":-1,"tail2417":-1,"payloadLen":10,"parsedCount":1}}
{"sessionId":"e9412c","runId":"post-fix","hypothesisId":"B","location":"pollRadar:scan","message":"serial ingest snapshot","timestamp":17744,"data":{"avail":0,"rxLen":87,"hdr2451":-1,"hdr2417":2,"tail2451":-1,"tail2417":35,"payloadLen":-1,"parsedCount":-1}}
{"sessionId":"e9412c","runId":"post-fix","hypothesisId":"B","location":"pollRadar:sample","message":"rx buffer sample","timestamp":17777,"data":{"hex":"55 55 AA AA 01 35 02 35 01 86 08 02 AA AA 01 46"}}
{"sessionId":"e9412c","runId":"post-fix","hypothesisId":"verify","location":"handleCompactFrame","message":"compact frame parsed","timestamp":17872,"data":{"avail":-1,"rxLen":10,"hdr2451":-1,"hdr2417":0,"tail2451":-1,"tail2417":-1,"payloadLen":10,"parsedCount":1}}
{"sessionId":"e9412c","runId":"post-fix","hypothesisId":"verify","location":"handleCompactFrame","message":"compact frame parsed","timestamp":18197,"data":{"avail":-1,"rxLen":10,"hdr2451":-1,"hdr2417":0,"tail2451":-1,"tail2417":-1,"payloadLen":10,"parsedCount":1}}
{"sessionId":"e9412c","runId":"post-fix","hypothesisId":"B","location":"pollRadar:scan","message":"serial ingest snapshot","timestamp":18244,"data":{"avail":0,"rxLen":77,"hdr2451":-1,"hdr2417":2,"tail2451":-1,"tail2417":25,"payloadLen":-1,"parsedCount":-1}}
{"sessionId":"e9412c","runId":"post-fix","hypothesisId":"B","location":"pollRadar:sample","message":"rx buffer sample","timestamp":18277,"data":{"hex":"55 55 AA AA 01 46 02 6C 01 B0 03 02 AA AA 02 46"}}
{"sessionId":"e9412c","runId":"post-fix","hypothesisId":"verify","location":"handleCompactFrame","message":"compact frame parsed","timestamp":18278,"data":{"avail":-1,"rxLen":10,"hdr2451":-1,"hdr2417":0,"tail2451":-1,"tail2417":-1,"payloadLen":10,"parsedCount":1}}
{"sessionId":"e9412c","runId":"post-fix","hypothesisId":"verify","location":"handleCompactFrame","message":"compact frame parsed","timestamp":18457,"data":{"avail":-1,"rxLen":10,"hdr2451":-1,"hdr2417":0,"tail2451":-1,"tail2417":-1,"payloadLen":10,"parsedCount":1}}
{"sessionId":"e9412c","runId":"post-fix","hypothesisId":"verify","location":"handleCompactFrame","message":"compact frame parsed","timestamp":18522,"data":{"avail":-1,"rxLen":10,"hdr2451":-1,"hdr2417":0,"tail2451":-1,"tail2417":-1,"payloadLen":10,"parsedCount":1}}
{"sessionId":"e9412c","runId":"post-fix","hypothesisId":"verify","location":"handleCompactFrame","message":"compact frame parsed","timestamp":18652,"data":{"avail":-1,"rxLen":10,"hdr2451":-1,"hdr2417":0,"tail2451":-1,"tail2417":-1,"payloadLen":10,"parsedCount":1}}
{"sessionId":"e9412c","runId":"post-fix","hypothesisId":"verify","location":"handleCompactFrame","message":"compact frame parsed","timestamp":18716,"data":{"avail":-1,"rxLen":10,"hdr2451":-1,"hdr2417":0,"tail2451":-1,"tail2417":-1,"payloadLen":10,"parsedCount":1}}
{"sessionId":"e9412c","runId":"post-fix","hypothesisId":"B","location":"pollRadar:scan","message":"serial ingest snapshot","timestamp":18744,"data":{"avail":0,"rxLen":97,"hdr2451":-1,"hdr2417":2,"tail2451":-1,"tail2417":5,"payloadLen":-1,"parsedCount":-1}}
{"sessionId":"e9412c","runId":"post-fix","hypothesisId":"B","location":"pollRadar:sample","message":"rx buffer sample","timestamp":18777,"data":{"hex":"03 02 AA AA 00 55 55 AA AA 00 55 55 AA AA 00 55"}}
{"sessionId":"e9412c","runId":"post-fix","hypothesisId":"verify","location":"handleCompactFrame","message":"compact frame parsed","timestamp":18782,"data":{"avail":-1,"rxLen":10,"hdr2451":-1,"hdr2417":0,"tail2451":-1,"tail2417":-1,"payloadLen":10,"parsedCount":1}}
{"sessionId":"e9412c","runId":"post-fix","hypothesisId":"verify","location":"handleCompactFrame","message":"compact frame parsed","timestamp":18847,"data":{"avail":-1,"rxLen":10,"hdr2451":-1,"hdr2417":0,"tail2451":-1,"tail2417":-1,"payloadLen":10,"parsedCount":1}}
{"sessionId":"e9412c","runId":"post-fix","hypothesisId":"verify","location":"handleCompactFrame","message":"compact frame parsed","timestamp":18919,"data":{"avail":-1,"rxLen":10,"hdr2451":-1,"hdr2417":0,"tail2451":-1,"tail2417":-1,"payloadLen":10,"parsedCount":1}}
{"sessionId":"e9412c","runId":"post-fix","hypothesisId":"verify","location":"handleCompactFrame","message":"compact frame parsed","timestamp":18979,"data":{"avail":-1,"rxLen":10,"hdr2451":-1,"hdr2417":0,"tail2451":-1,"tail2417":-1,"payloadLen":10,"parsedCount":1}}
{"sessionId":"e9412c","runId":"post-fix","hypothesisId":"verify","location":"handleCompactFrame","message":"compact frame parsed","timestamp":19045,"data":{"avail":-1,"rxLen":10,"hdr2451":-1,"hdr2417":0,"tail2451":-1,"tail2417":-1,"payloadLen":10,"parsedCount":1}}
{"sessionId":"e9412c","runId":"post-fix","hypothesisId":"verify","location":"handleCompactFrame","message":"compact frame parsed","timestamp":19110,"data":{"avail":-1,"rxLen":10,"hdr2451":-1,"hdr2417":0,"tail2451":-1,"tail2417":-1,"payloadLen":10,"parsedCount":1}}
{"sessionId":"e9412c","runId":"post-fix","hypothesisId":"verify","location":"handleCompactFrame","message":"compact frame parsed","timestamp":19176,"data":{"avail":-1,"rxLen":10,"hdr2451":-1,"hdr2417":0,"tail2451":-1,"tail2417":-1,"payloadLen":10,"parsedCount":1}}
{"sessionId":"e9412c","runId":"post-fix","hypothesisId":"verify","location":"handleCompactFrame","message":"compact frame parsed","timestamp":19241,"data":{"avail":-1,"rxLen":10,"hdr2451":-1,"hdr2417":0,"tail2451":-1,"tail2417":-1,"payloadLen":10,"parsedCount":1}}
{"sessionId":"e9412c","runId":"post-fix","hypothesisId":"B","location":"pollRadar:scan","message":"serial ingest snapshot","timestamp":19264,"data":{"avail":25,"rxLen":112,"hdr2451":-1,"hdr2417":7,"tail2451":-1,"tail2417":10,"payloadLen":-1,"parsedCount":-1}}
{"sessionId":"e9412c","runId":"post-fix","hypothesisId":"B","location":"pollRadar:sample","message":"rx buffer sample","timestamp":19297,"data":{"hex":"5E 02 2D 01 25 08 02 AA AA 00 55 55 AA AA 01 4A"}}
{"sessionId":"e9412c","runId":"post-fix","hypothesisId":"verify","location":"handleCompactFrame","message":"compact frame parsed","timestamp":19309,"data":{"avail":-1,"rxLen":10,"hdr2451":-1,"hdr2417":0,"tail2451":-1,"tail2417":-1,"payloadLen":10,"parsedCount":1}}
{"sessionId":"e9412c","runId":"post-fix","hypothesisId":"verify","location":"handleCompactFrame","message":"compact frame parsed","timestamp":19370,"data":{"avail":-1,"rxLen":10,"hdr2451":-1,"hdr2417":0,"tail2451":-1,"tail2417":-1,"payloadLen":10,"parsedCount":1}}
{"sessionId":"e9412c","runId":"post-fix","hypothesisId":"verify","location":"handleCompactFrame","message":"compact frame parsed","timestamp":19438,"data":{"avail":-1,"rxLen":10,"hdr2451":-1,"hdr2417":0,"tail2451":-1,"tail2417":-1,"payloadLen":10,"parsedCount":1}}
{"sessionId":"e9412c","runId":"post-fix","hypothesisId":"verify","location":"handleCompactFrame","message":"compact frame parsed","timestamp":19500,"data":{"avail":-1,"rxLen":10,"hdr2451":-1,"hdr2417":0,"tail2451":-1,"tail2417":-1,"payloadLen":10,"parsedCount":1}}
{"sessionId":"e9412c","runId":"post-fix","hypothesisId":"verify","location":"handleCompactFrame","message":"compact frame parsed","timestamp":19565,"data":{"avail":-1,"rxLen":10,"hdr2451":-1,"hdr2417":0,"tail2451":-1,"tail2417":-1,"payloadLen":10,"parsedCount":1}}
{"sessionId":"e9412c","runId":"post-fix","hypothesisId":"verify","location":"handleCompactFrame","message":"compact frame parsed","timestamp":19631,"data":{"avail":-1,"rxLen":10,"hdr2451":-1,"hdr2417":0,"tail2451":-1,"tail2417":-1,"payloadLen":10,"parsedCount":1}}
{"sessionId":"e9412c","runId":"post-fix","hypothesisId":"verify","location":"handleCompactFrame","message":"compact frame parsed","timestamp":19697,"data":{"avail":-1,"rxLen":10,"hdr2451":-1,"hdr2417":0,"tail2451":-1,"tail2417":-1,"payloadLen":10,"parsedCount":1}}
{"sessionId":"e9412c","runId":"post-fix","hypothesisId":"verify","location":"handleCompactFrame","message":"compact frame parsed","timestamp":19761,"data":{"avail":-1,"rxLen":10,"hdr2451":-1,"hdr2417":0,"tail2451":-1,"tail2417":-1,"payloadLen":10,"parsedCount":1}}
{"sessionId":"e9412c","runId":"post-fix","hypothesisId":"B","location":"pollRadar:scan","message":"serial ingest snapshot","timestamp":19784,"data":{"avail":0,"rxLen":112,"hdr2451":-1,"hdr2417":2,"tail2451":-1,"tail2417":-1,"payloadLen":-1,"parsedCount":-1}}
{"sessionId":"e9412c","runId":"post-fix","hypothesisId":"B","location":"pollRadar:sample","message":"rx buffer sample","timestamp":19818,"data":{"hex":"02 02 AA AA 02 4A 02 43 01 03 02 02 AA AA 02 4A"}}
{"sessionId":"e9412c","runId":"post-fix","hypothesisId":"verify","location":"handleCompactFrame","message":"compact frame parsed","timestamp":19830,"data":{"avail":-1,"rxLen":10,"hdr2451":-1,"hdr2417":0,"tail2451":-1,"tail2417":-1,"payloadLen":10,"parsedCount":1}}
{"sessionId":"e9412c","runId":"post-fix","hypothesisId":"verify","location":"handleCompactFrame","message":"compact frame parsed","timestamp":19893,"data":{"avail":-1,"rxLen":10,"hdr2451":-1,"hdr2417":0,"tail2451":-1,"tail2417":-1,"payloadLen":10,"parsedCount":1}}
{"sessionId":"e9412c","runId":"post-fix","hypothesisId":"verify","location":"handleCompactFrame","message":"compact frame parsed","timestamp":19959,"data":{"avail":-1,"rxLen":10,"hdr2451":-1,"hdr2417":0,"tail2451":-1,"tail2417":-1,"payloadLen":10,"parsedCount":1}}
{"sessionId":"e9412c","runId":"post-fix","hypothesisId":"verify","location":"handleCompactFrame","message":"compact frame parsed","timestamp":20025,"data":{"avail":-1,"rxLen":10,"hdr2451":-1,"hdr2417":0,"tail2451":-1,"tail2417":-1,"payloadLen":10,"parsedCount":1}}
{"sessionId":"e9412c","runId":"post-fix","hypothesisId":"verify","location":"handleCompactFrame","message":"compact frame parsed","timestamp":20090,"data":{"avail":-1,"rxLen":10,"hdr2451":-1,"hdr2417":0,"tail2451":-1,"tail2417":-1,"payloadLen":10,"parsedCount":1}}
{"sessionId":"e9412c","runId":"post-fix","hypothesisId":"verify","location":"handleCompactFrame","message":"compact frame parsed","timestamp":20150,"data":{"avail":-1,"rxLen":10,"hdr2451":-1,"hdr2417":0,"tail2451":-1,"tail2417":-1,"payloadLen":10,"parsedCount":1}}
{"sessionId":"e9412c","runId":"post-fix","hypothesisId":"verify","location":"handleCompactFrame","message":"compact frame parsed","timestamp":20218,"data":{"avail":-1,"rxLen":10,"hdr2451":-1,"hdr2417":0,"tail2451":-1,"tail2417":-1,"payloadLen":10,"parsedCount":1}}
{"sessionId":"e9412c","runId":"post-fix","hypothesisId":"verify","location":"handleCompactFrame","message":"compact frame parsed","timestamp":20281,"data":{"avail":-1,"rxLen":10,"hdr2451":-1,"hdr2417":0,"tail2451":-1,"tail2417":-1,"payloadLen":10,"parsedCount":1}}
{"sessionId":"e9412c","runId":"post-fix","hypothesisId":"B","location":"pollRadar:scan","message":"serial ingest snapshot","timestamp":20304,"data":{"avail":0,"rxLen":112,"hdr2451":-1,"hdr2417":2,"tail2451":-1,"tail2417":-1,"payloadLen":-1,"parsedCount":-1}}
{"sessionId":"e9412c","runId":"post-fix","hypothesisId":"B","location":"pollRadar:sample","message":"rx buffer sample","timestamp":20337,"data":{"hex":"02 02 AA AA 02 4A 02 5F 01 20 02 02 AA AA 02 4A"}}
{"sessionId":"e9412c","runId":"post-fix","hypothesisId":"verify","location":"handleCompactFrame","message":"compact frame parsed","timestamp":20349,"data":{"avail":-1,"rxLen":10,"hdr2451":-1,"hdr2417":0,"tail2451":-1,"tail2417":-1,"payloadLen":10,"parsedCount":1}}
{"sessionId":"e9412c","runId":"post-fix","hypothesisId":"verify","location":"handleCompactFrame","message":"compact frame parsed","timestamp":20409,"data":{"avail":-1,"rxLen":10,"hdr2451":-1,"hdr2417":0,"tail2451":-1,"tail2417":-1,"payloadLen":10,"parsedCount":1}}
{"sessionId":"e9412c","runId":"post-fix","hypothesisId":"verify","location":"handleCompactFrame","message":"compact frame parsed","timestamp":20475,"data":{"avail":-1,"rxLen":10,"hdr2451":-1,"hdr2417":0,"tail2451":-1,"tail2417":-1,"payloadLen":10,"parsedCount":1}}
{"sessionId":"e9412c","runId":"post-fix","hypothesisId":"verify","location":"handleCompactFrame","message":"compact frame parsed","timestamp":20545,"data":{"avail":-1,"rxLen":10,"hdr2451":-1,"hdr2417":0,"tail2451":-1,"tail2417":-1,"payloadLen":10,"parsedCount":1}}
{"sessionId":"e9412c","runId":"post-fix","hypothesisId":"verify","location":"handleCompactFrame","message":"compact frame parsed","timestamp":20608,"data":{"avail":-1,"rxLen":10,"hdr2451":-1,"hdr2417":0,"tail2451":-1,"tail2417":-1,"payloadLen":10,"parsedCount":1}}
{"sessionId":"e9412c","runId":"post-fix","hypothesisId":"verify","location":"handleCompactFrame","message":"compact frame parsed","timestamp":20672,"data":{"avail":-1,"rxLen":10,"hdr2451":-1,"hdr2417":0,"tail2451":-1,"tail2417":-1,"payloadLen":10,"parsedCount":1}}
{"sessionId":"e9412c","runId":"post-fix","hypothesisId":"verify","location":"handleCompactFrame","message":"compact frame parsed","timestamp":20735,"data":{"avail":-1,"rxLen":10,"hdr2451":-1,"hdr2417":0,"tail2451":-1,"tail2417":-1,"payloadLen":10,"parsedCount":1}}
{"sessionId":"e9412c","runId":"post-fix","hypothesisId":"verify","location":"handleCompactFrame","message":"compact frame parsed","timestamp":20796,"data":{"avail":-1,"rxLen":10,"hdr2451":-1,"hdr2417":0,"tail2451":-1,"tail2417":-1,"payloadLen":10,"parsedCount":1}}
{"sessionId":"e9412c","runId":"post-fix","hypothesisId":"B","location":"pollRadar:scan","message":"serial ingest snapshot","timestamp":20819,"data":{"avail":0,"rxLen":112,"hdr2451":-1,"hdr2417":2,"tail2451":-1,"tail2417":-1,"payloadLen":-1,"parsedCount":-1}}
{"sessionId":"e9412c","runId":"post-fix","hypothesisId":"B","location":"pollRadar:sample","message":"rx buffer sample","timestamp":20852,"data":{"hex":"01 02 AA AA 02 BC 01 EE 02 C5 0C 02 AA AA 03 7E"}}
{"sessionId":"e9412c","runId":"post-fix","hypothesisId":"verify","location":"handleCompactFrame","message":"compact frame parsed","timestamp":20864,"data":{"avail":-1,"rxLen":10,"hdr2451":-1,"hdr2417":0,"tail2451":-1,"tail2417":-1,"payloadLen":10,"parsedCount":1}}
{"sessionId":"e9412c","runId":"post-fix","hypothesisId":"verify","location":"handleCompactFrame","message":"compact frame parsed","timestamp":21056,"data":{"avail":-1,"rxLen":10,"hdr2451":-1,"hdr2417":0,"tail2451":-1,"tail2417":-1,"payloadLen":10,"parsedCount":1}}
{"sessionId":"e9412c","runId":"post-fix","hypothesisId":"verify","location":"handleCompactFrame","message":"compact frame parsed","timestamp":21122,"data":{"avail":-1,"rxLen":10,"hdr2451":-1,"hdr2417":0,"tail2451":-1,"tail2417":-1,"payloadLen":10,"parsedCount":1}}
{"sessionId":"e9412c","runId":"post-fix","hypothesisId":"verify","location":"handleCompactFrame","message":"compact frame parsed","timestamp":21192,"data":{"avail":-1,"rxLen":10,"hdr2451":-1,"hdr2417":0,"tail2451":-1,"tail2417":-1,"payloadLen":10,"parsedCount":1}}
{"sessionId":"e9412c","runId":"post-fix","hypothesisId":"verify","location":"handleCompactFrame","message":"compact frame parsed","timestamp":21258,"data":{"avail":-1,"rxLen":10,"hdr2451":-1,"hdr2417":0,"tail2451":-1,"tail2417":-1,"payloadLen":10,"parsedCount":1}}
{"sessionId":"e9412c","runId":"post-fix","hypothesisId":"B","location":"pollRadar:scan","message":"serial ingest snapshot","timestamp":21319,"data":{"avail":0,"rxLen":97,"hdr2451":-1,"hdr2417":2,"tail2451":-1,"tail2417":45,"payloadLen":-1,"parsedCount":-1}}
{"sessionId":"e9412c","runId":"post-fix","hypothesisId":"B","location":"pollRadar:sample","message":"rx buffer sample","timestamp":21352,"data":{"hex":"02 02 AA AA 02 4A 02 49 01 1B 03 02 AA AA 02 4A"}}
{"sessionId":"e9412c","runId":"post-fix","hypothesisId":"verify","location":"handleCompactFrame","message":"compact frame parsed","timestamp":21447,"data":{"avail":-1,"rxLen":10,"hdr2451":-1,"hdr2417":0,"tail2451":-1,"tail2417":-1,"payloadLen":10,"parsedCount":1}}
{"sessionId":"e9412c","runId":"post-fix","hypothesisId":"verify","location":"handleCompactFrame","message":"compact frame parsed","timestamp":21512,"data":{"avail":-1,"rxLen":10,"hdr2451":-1,"hdr2417":0,"tail2451":-1,"tail2417":-1,"payloadLen":10,"parsedCount":1}}
{"sessionId":"e9412c","runId":"post-fix","hypothesisId":"verify","location":"handleCompactFrame","message":"compact frame parsed","timestamp":21576,"data":{"avail":-1,"rxLen":10,"hdr2451":-1,"hdr2417":0,"tail2451":-1,"tail2417":-1,"payloadLen":10,"parsedCount":1}}
{"sessionId":"e9412c","runId":"post-fix","hypothesisId":"verify","location":"handleCompactFrame","message":"compact frame parsed","timestamp":21642,"data":{"avail":-1,"rxLen":10,"hdr2451":-1,"hdr2417":0,"tail2451":-1,"tail2417":-1,"payloadLen":10,"parsedCount":1}}
{"sessionId":"e9412c","runId":"post-fix","hypothesisId":"verify","location":"handleCompactFrame","message":"compact frame parsed","timestamp":21707,"data":{"avail":-1,"rxLen":10,"hdr2451":-1,"hdr2417":0,"tail2451":-1,"tail2417":-1,"payloadLen":10,"parsedCount":1}}
{"sessionId":"e9412c","runId":"post-fix","hypothesisId":"verify","location":"handleCompactFrame","message":"compact frame parsed","timestamp":21773,"data":{"avail":-1,"rxLen":10,"hdr2451":-1,"hdr2417":0,"tail2451":-1,"tail2417":-1,"payloadLen":10,"parsedCount":1}}
{"sessionId":"e9412c","runId":"post-fix","hypothesisId":"B","location":"pollRadar:scan","message":"serial ingest snapshot","timestamp":21819,"data":{"avail":0,"rxLen":97,"hdr2451":-1,"hdr2417":7,"tail2451":-1,"tail2417":30,"payloadLen":-1,"parsedCount":-1}}
{"sessionId":"e9412c","runId":"post-fix","hypothesisId":"B","location":"pollRadar:sample","message":"rx buffer sample","timestamp":21852,"data":{"hex":"E4 02 7E 01 19 04 00 AA AA 02 4A 02 33 01 11 05"}}
{"sessionId":"e9412c","runId":"post-fix","hypothesisId":"verify","location":"handleCompactFrame","message":"compact frame parsed","timestamp":21853,"data":{"avail":-1,"rxLen":10,"hdr2451":-1,"hdr2417":0,"tail2451":-1,"tail2417":-1,"payloadLen":10,"parsedCount":1}}
{"sessionId":"e9412c","runId":"post-fix","hypothesisId":"verify","location":"handleCompactFrame","message":"compact frame parsed","timestamp":21902,"data":{"avail":-1,"rxLen":10,"hdr2451":-1,"hdr2417":0,"tail2451":-1,"tail2417":-1,"payloadLen":10,"parsedCount":1}}
{"sessionId":"e9412c","runId":"post-fix","hypothesisId":"verify","location":"handleCompactFrame","message":"compact frame parsed","timestamp":22031,"data":{"avail":-1,"rxLen":10,"hdr2451":-1,"hdr2417":0,"tail2451":-1,"tail2417":-1,"payloadLen":10,"parsedCount":1}}
{"sessionId":"e9412c","runId":"post-fix","hypothesisId":"verify","location":"handleCompactFrame","message":"compact frame parsed","timestamp":22108,"data":{"avail":-1,"rxLen":10,"hdr2451":-1,"hdr2417":0,"tail2451":-1,"tail2417":-1,"payloadLen":10,"parsedCount":1}}
{"sessionId":"e9412c","runId":"post-fix","hypothesisId":"verify","location":"handleCompactFrame","message":"compact frame parsed","timestamp":22171,"data":{"avail":-1,"rxLen":10,"hdr2451":-1,"hdr2417":0,"tail2451":-1,"tail2417":-1,"payloadLen":10,"parsedCount":1}}
{"sessionId":"e9412c","runId":"post-fix","hypothesisId":"verify","location":"handleCompactFrame","message":"compact frame parsed","timestamp":22235,"data":{"avail":-1,"rxLen":10,"hdr2451":-1,"hdr2417":0,"tail2451":-1,"tail2417":-1,"payloadLen":10,"parsedCount":1}}
{"sessionId":"e9412c","runId":"post-fix","hypothesisId":"verify","location":"handleCompactFrame","message":"compact frame parsed","timestamp":22298,"data":{"avail":-1,"rxLen":10,"hdr2451":-1,"hdr2417":0,"tail2451":-1,"tail2417":-1,"payloadLen":10,"parsedCount":1}}
{"sessionId":"e9412c","runId":"post-fix","hypothesisId":"B","location":"pollRadar:scan","message":"serial ingest snapshot","timestamp":22321,"data":{"avail":35,"rxLen":107,"hdr2451":-1,"hdr2417":2,"tail2451":-1,"tail2417":55,"payloadLen":-1,"parsedCount":-1}}
{"sessionId":"e9412c","runId":"post-fix","hypothesisId":"B","location":"pollRadar:sample","message":"rx buffer sample","timestamp":22354,"data":{"hex":"02 00 AA AA 01 FB 01 B2 02 9A 02 00 AA AA 01 FB"}}
{"sessionId":"e9412c","runId":"post-fix","hypothesisId":"verify","location":"handleCompactFrame","message":"compact frame parsed","timestamp":22366,"data":{"avail":-1,"rxLen":10,"hdr2451":-1,"hdr2417":0,"tail2451":-1,"tail2417":-1,"payloadLen":10,"parsedCount":1}}
{"sessionId":"e9412c","runId":"post-fix","hypothesisId":"verify","location":"handleCompactFrame","message":"compact frame parsed","timestamp":22422,"data":{"avail":-1,"rxLen":10,"hdr2451":-1,"hdr2417":0,"tail2451":-1,"tail2417":-1,"payloadLen":10,"parsedCount":1}}
{"sessionId":"e9412c","runId":"post-fix","hypothesisId":"verify","location":"handleCompactFrame","message":"compact frame parsed","timestamp":22487,"data":{"avail":-1,"rxLen":10,"hdr2451":-1,"hdr2417":0,"tail2451":-1,"tail2417":-1,"payloadLen":10,"parsedCount":1}}
{"sessionId":"e9412c","runId":"post-fix","hypothesisId":"verify","location":"handleCompactFrame","message":"compact frame parsed","timestamp":22552,"data":{"avail":-1,"rxLen":10,"hdr2451":-1,"hdr2417":0,"tail2451":-1,"tail2417":-1,"payloadLen":10,"parsedCount":1}}
{"sessionId":"e9412c","runId":"post-fix","hypothesisId":"verify","location":"handleCompactFrame","message":"compact frame parsed","timestamp":22620,"data":{"avail":-1,"rxLen":10,"hdr2451":-1,"hdr2417":0,"tail2451":-1,"tail2417":-1,"payloadLen":10,"parsedCount":1}}
{"sessionId":"e9412c","runId":"post-fix","hypothesisId":"verify","location":"handleCompactFrame","message":"compact frame parsed","timestamp":22682,"data":{"avail":-1,"rxLen":10,"hdr2451":-1,"hdr2417":0,"tail2451":-1,"tail2417":-1,"payloadLen":10,"parsedCount":1}}
{"sessionId":"e9412c","runId":"post-fix","hypothesisId":"verify","location":"handleCompactFrame","message":"compact frame parsed","timestamp":22746,"data":{"avail":-1,"rxLen":10,"hdr2451":-1,"hdr2417":0,"tail2451":-1,"tail2417":-1,"payloadLen":10,"parsedCount":1}}
{"sessionId":"e9412c","runId":"post-fix","hypothesisId":"verify","location":"handleCompactFrame","message":"compact frame parsed","timestamp":22815,"data":{"avail":-1,"rxLen":10,"hdr2451":-1,"hdr2417":0,"tail2451":-1,"tail2417":-1,"payloadLen":10,"parsedCount":1}}
{"sessionId":"e9412c","runId":"post-fix","hypothesisId":"B","location":"pollRadar:scan","message":"serial ingest snapshot","timestamp":22838,"data":{"avail":0,"rxLen":112,"hdr2451":-1,"hdr2417":2,"tail2451":-1,"tail2417":-1,"payloadLen":-1,"parsedCount":-1}}
{"sessionId":"e9412c","runId":"post-fix","hypothesisId":"B","location":"pollRadar:sample","message":"rx buffer sample","timestamp":22871,"data":{"hex":"06 02 AA AA 04 4A 02 59 01 19 07 02 AA AA 04 4A"}}
{"sessionId":"e9412c","runId":"post-fix","hypothesisId":"verify","location":"handleCompactFrame","message":"compact frame parsed","timestamp":22883,"data":{"avail":-1,"rxLen":10,"hdr2451":-1,"hdr2417":0,"tail2451":-1,"tail2417":-1,"payloadLen":10,"parsedCount":1}}
{"sessionId":"e9412c","runId":"post-fix","hypothesisId":"verify","location":"handleCompactFrame","message":"compact frame parsed","timestamp":22946,"data":{"avail":-1,"rxLen":10,"hdr2451":-1,"hdr2417":0,"tail2451":-1,"tail2417":-1,"payloadLen":10,"parsedCount":1}}
{"sessionId":"e9412c","runId":"post-fix","hypothesisId":"verify","location":"handleCompactFrame","message":"compact frame parsed","timestamp":23012,"data":{"avail":-1,"rxLen":10,"hdr2451":-1,"hdr2417":0,"tail2451":-1,"tail2417":-1,"payloadLen":10,"parsedCount":1}}
{"sessionId":"e9412c","runId":"post-fix","hypothesisId":"verify","location":"handleCompactFrame","message":"compact frame parsed","timestamp":23076,"data":{"avail":-1,"rxLen":10,"hdr2451":-1,"hdr2417":0,"tail2451":-1,"tail2417":-1,"payloadLen":10,"parsedCount":1}}
{"sessionId":"e9412c","runId":"post-fix","hypothesisId":"verify","location":"handleCompactFrame","message":"compact frame parsed","timestamp":23141,"data":{"avail":-1,"rxLen":10,"hdr2451":-1,"hdr2417":0,"tail2451":-1,"tail2417":-1,"payloadLen":10,"parsedCount":1}}
{"sessionId":"e9412c","runId":"post-fix","hypothesisId":"verify","location":"handleCompactFrame","message":"compact frame parsed","timestamp":23202,"data":{"avail":-1,"rxLen":10,"hdr2451":-1,"hdr2417":0,"tail2451":-1,"tail2417":-1,"payloadLen":10,"parsedCount":1}}
{"sessionId":"e9412c","runId":"post-fix","hypothesisId":"verify","location":"handleCompactFrame","message":"compact frame parsed","timestamp":23331,"data":{"avail":-1,"rxLen":10,"hdr2451":-1,"hdr2417":0,"tail2451":-1,"tail2417":-1,"payloadLen":10,"parsedCount":1}}
{"sessionId":"e9412c","runId":"post-fix","hypothesisId":"B","location":"pollRadar:scan","message":"serial ingest snapshot","timestamp":23353,"data":{"avail":15,"rxLen":107,"hdr2451":-1,"hdr2417":2,"tail2451":-1,"tail2417":95,"payloadLen":-1,"parsedCount":-1}}
{"sessionId":"e9412c","runId":"post-fix","hypothesisId":"B","location":"pollRadar:sample","message":"rx buffer sample","timestamp":23387,"data":{"hex":"03 00 AA AA 01 F1 02 EE 01 15 03 00 AA AA 01 F1"}}
{"sessionId":"e9412c","runId":"post-fix","hypothesisId":"verify","location":"handleCompactFrame","message":"compact frame parsed","timestamp":23399,"data":{"avail":-1,"rxLen":10,"hdr2451":-1,"hdr2417":0,"tail2451":-1,"tail2417":-1,"payloadLen":10,"parsedCount":1}}
{"sessionId":"e9412c","runId":"post-fix","hypothesisId":"verify","location":"handleCompactFrame","message":"compact frame parsed","timestamp":23722,"data":{"avail":-1,"rxLen":10,"hdr2451":-1,"hdr2417":0,"tail2451":-1,"tail2417":-1,"payloadLen":10,"parsedCount":1}}
{"sessionId":"e9412c","runId":"post-fix","hypothesisId":"verify","location":"handleCompactFrame","message":"compact frame parsed","timestamp":23786,"data":{"avail":-1,"rxLen":10,"hdr2451":-1,"hdr2417":0,"tail2451":-1,"tail2417":-1,"payloadLen":10,"parsedCount":1}}
{"sessionId":"e9412c","runId":"post-fix","hypothesisId":"B","location":"pollRadar:scan","message":"serial ingest snapshot","timestamp":23853,"data":{"avail":0,"rxLen":82,"hdr2451":-1,"hdr2417":7,"tail2451":-1,"tail2417":20,"payloadLen":-1,"parsedCount":-1}}
{"sessionId":"e9412c","runId":"post-fix","hypothesisId":"B","location":"pollRadar:sample","message":"rx buffer sample","timestamp":23886,"data":{"hex":"33 02 36 01 D9 07 00 AA AA 01 36 01 37 01 30 05"}}
{"sessionId":"e9412c","runId":"post-fix","hypothesisId":"verify","location":"handleCompactFrame","message":"compact frame parsed","timestamp":23887,"data":{"avail":-1,"rxLen":10,"hdr2451":-1,"hdr2417":0,"tail2451":-1,"tail2417":-1,"payloadLen":10,"parsedCount":1}}
{"sessionId":"e9412c","runId":"post-fix","hypothesisId":"verify","location":"handleCompactFrame","message":"compact frame parsed","timestamp":23920,"data":{"avail":-1,"rxLen":10,"hdr2451":-1,"hdr2417":0,"tail2451":-1,"tail2417":-1,"payloadLen":10,"parsedCount":1}}
{"sessionId":"e9412c","runId":"post-fix","hypothesisId":"verify","location":"handleCompactFrame","message":"compact frame parsed","timestamp":23982,"data":{"avail":-1,"rxLen":10,"hdr2451":-1,"hdr2417":0,"tail2451":-1,"tail2417":-1,"payloadLen":10,"parsedCount":1}}
{"sessionId":"e9412c","runId":"post-fix","hypothesisId":"B","location":"pollRadar:scan","message":"serial ingest snapshot","timestamp":24353,"data":{"avail":0,"rxLen":62,"hdr2451":-1,"hdr2417":2,"tail2451":-1,"tail2417":5,"payloadLen":-1,"parsedCount":-1}}
{"sessionId":"e9412c","runId":"post-fix","hypothesisId":"B","location":"pollRadar:sample","message":"rx buffer sample","timestamp":24386,"data":{"hex":"55 55 AA AA 00 55 55 AA AA 00 55 55 AA AA 01 39"}}
{"sessionId":"e9412c","runId":"post-fix","hypothesisId":"B","location":"pollRadar:scan","message":"serial ingest snapshot","timestamp":24853,"data":{"avail":0,"rxLen":62,"hdr2451":-1,"hdr2417":2,"tail2451":-1,"tail2417":5,"payloadLen":-1,"parsedCount":-1}}
{"sessionId":"e9412c","runId":"post-fix","hypothesisId":"B","location":"pollRadar:sample","message":"rx buffer sample","timestamp":24886,"data":{"hex":"55 55 AA AA 00 55 55 AA AA 00 55 55 AA AA 01 39"}}
{"sessionId":"e9412c","runId":"post-fix","hypothesisId":"B","location":"pollRadar:scan","message":"serial ingest snapshot","timestamp":25353,"data":{"avail":0,"rxLen":62,"hdr2451":-1,"hdr2417":2,"tail2451":-1,"tail2417":5,"payloadLen":-1,"parsedCount":-1}}
{"sessionId":"e9412c","runId":"post-fix","hypothesisId":"B","location":"pollRadar:sample","message":"rx buffer sample","timestamp":25386,"data":{"hex":"55 55 AA AA 00 55 55 AA AA 00 55 55 AA AA 01 39"}}
{"sessionId":"e9412c","runId":"post-fix","hypothesisId":"B","location":"pollRadar:scan","message":"serial ingest snapshot","timestamp":25853,"data":{"avail":0,"rxLen":62,"hdr2451":-1,"hdr2417":2,"tail2451":-1,"tail2417":5,"payloadLen":-1,"parsedCount":-1}}
{"sessionId":"e9412c","runId":"post-fix","hypothesisId":"B","location":"pollRadar:sample","message":"rx buffer sample","timestamp":25886,"data":{"hex":"55 55 AA AA 00 55 55 AA AA 00 55 55 AA AA 01 39"}}
{"sessionId":"e9412c","runId":"post-fix","hypothesisId":"B","location":"pollRadar:scan","message":"serial ingest snapshot","timestamp":26353,"data":{"avail":0,"rxLen":62,"hdr2451":-1,"hdr2417":2,"tail2451":-1,"tail2417":5,"payloadLen":-1,"parsedCount":-1}}
{"sessionId":"e9412c","runId":"post-fix","hypothesisId":"B","location":"pollRadar:sample","message":"rx buffer sample","timestamp":26386,"data":{"hex":"55 55 AA AA 00 55 55 AA AA 00 55 55 AA AA 01 39"}}
{"sessionId":"e9412c","runId":"post-fix","hypothesisId":"B","location":"pollRadar:scan","message":"serial ingest snapshot","timestamp":26853,"data":{"avail":0,"rxLen":62,"hdr2451":-1,"hdr2417":2,"tail2451":-1,"tail2417":5,"payloadLen":-1,"parsedCount":-1}}
{"sessionId":"e9412c","runId":"post-fix","hypothesisId":"B","location":"pollRadar:sample","message":"rx buffer sample","timestamp":26886,"data":{"hex":"55 55 AA AA 00 55 55 AA AA 00 55 55 AA AA 01 39"}}
{"sessionId":"e9412c","runId":"post-fix","hypothesisId":"B","location":"pollRadar:scan","message":"serial ingest snapshot","timestamp":27353,"data":{"avail":0,"rxLen":62,"hdr2451":-1,"hdr2417":2,"tail2451":-1,"tail2417":5,"payloadLen":-1,"parsedCount":-1}}
{"sessionId":"e9412c","runId":"post-fix","hypothesisId":"B","location":"pollRadar:sample","message":"rx buffer sample","timestamp":27386,"data":{"hex":"55 55 AA AA 00 55 55 AA AA 00 55 55 AA AA 01 39"}}
{"sessionId":"e9412c","runId":"post-fix","hypothesisId":"B","location":"pollRadar:scan","message":"serial ingest snapshot","timestamp":27853,"data":{"avail":0,"rxLen":62,"hdr2451":-1,"hdr2417":2,"tail2451":-1,"tail2417":5,"payloadLen":-1,"parsedCount":-1}}
{"sessionId":"e9412c","runId":"post-fix","hypothesisId":"B","location":"pollRadar:sample","message":"rx buffer sample","timestamp":27886,"data":{"hex":"55 55 AA AA 00 55 55 AA AA 00 55 55 AA AA 01 39"}}
{"sessionId":"e9412c","runId":"post-fix","hypothesisId":"verify","location":"handleCompactFrame","message":"compact frame parsed","timestamp":5632,"data":{"avail":-1,"rxLen":10,"hdr2451":-1,"hdr2417":0,"tail2451":-1,"tail2417":-1,"payloadLen":10,"parsedCount":1}}
{"sessionId":"e9412c","runId":"post-fix","hypothesisId":"B","location":"pollRadar:scan","message":"serial ingest snapshot","timestamp":5655,"data":{"avail":25,"rxLen":10,"hdr2451":-1,"hdr2417":0,"tail2451":-1,"tail2417":-1,"payloadLen":-1,"parsedCount":-1}}
{"sessionId":"e9412c","runId":"post-fix","hypothesisId":"B","location":"pollRadar:sample","message":"rx buffer sample","timestamp":5688,"data":{"hex":"AA AA 02 73 02 51 01 BD 03 02"}}
{"sessionId":"e9412c","runId":"post-fix","hypothesisId":"verify","location":"handleCompactFrame","message":"compact frame parsed","timestamp":5699,"data":{"avail":-1,"rxLen":10,"hdr2451":-1,"hdr2417":0,"tail2451":-1,"tail2417":-1,"payloadLen":10,"parsedCount":1}}
{"sessionId":"e9412c","runId":"post-fix","hypothesisId":"verify","location":"handleCompactFrame","message":"compact frame parsed","timestamp":5760,"data":{"avail":-1,"rxLen":10,"hdr2451":-1,"hdr2417":0,"tail2451":-1,"tail2417":-1,"payloadLen":10,"parsedCount":1}}
{"sessionId":"e9412c","runId":"post-fix","hypothesisId":"verify","location":"handleCompactFrame","message":"compact frame parsed","timestamp":5825,"data":{"avail":-1,"rxLen":10,"hdr2451":-1,"hdr2417":0,"tail2451":-1,"tail2417":-1,"payloadLen":10,"parsedCount":1}}
{"sessionId":"e9412c","runId":"post-fix","hypothesisId":"verify","location":"handleCompactFrame","message":"compact frame parsed","timestamp":5892,"data":{"avail":-1,"rxLen":10,"hdr2451":-1,"hdr2417":0,"tail2451":-1,"tail2417":-1,"payloadLen":10,"parsedCount":1}}
{"sessionId":"e9412c","runId":"post-fix","hypothesisId":"verify","location":"handleCompactFrame","message":"compact frame parsed","timestamp":5955,"data":{"avail":-1,"rxLen":10,"hdr2451":-1,"hdr2417":0,"tail2451":-1,"tail2417":-1,"payloadLen":10,"parsedCount":1}}
{"sessionId":"e9412c","runId":"post-fix","hypothesisId":"verify","location":"handleCompactFrame","message":"compact frame parsed","timestamp":6019,"data":{"avail":-1,"rxLen":10,"hdr2451":-1,"hdr2417":0,"tail2451":-1,"tail2417":-1,"payloadLen":10,"parsedCount":1}}
{"sessionId":"e9412c","runId":"post-fix","hypothesisId":"verify","location":"handleCompactFrame","message":"compact frame parsed","timestamp":6085,"data":{"avail":-1,"rxLen":10,"hdr2451":-1,"hdr2417":0,"tail2451":-1,"tail2417":-1,"payloadLen":10,"parsedCount":1}}
{"sessionId":"e9412c","runId":"post-fix","hypothesisId":"verify","location":"handleCompactFrame","message":"compact frame parsed","timestamp":6150,"data":{"avail":-1,"rxLen":10,"hdr2451":-1,"hdr2417":0,"tail2451":-1,"tail2417":-1,"payloadLen":10,"parsedCount":1}}
{"sessionId":"e9412c","runId":"post-fix","hypothesisId":"B","location":"pollRadar:scan","message":"serial ingest snapshot","timestamp":6172,"data":{"avail":0,"rxLen":90,"hdr2451":-1,"hdr2417":0,"tail2451":-1,"tail2417":-1,"payloadLen":-1,"parsedCount":-1}}
{"sessionId":"e9412c","runId":"post-fix","hypothesisId":"B","location":"pollRadar:sample","message":"rx buffer sample","timestamp":6205,"data":{"hex":"AA AA 02 73 02 51 01 BD 03 02 AA AA 02 73 02 56"}}
{"sessionId":"e9412c","runId":"post-fix","hypothesisId":"verify","location":"handleCompactFrame","message":"compact frame parsed","timestamp":6217,"data":{"avail":-1,"rxLen":10,"hdr2451":-1,"hdr2417":0,"tail2451":-1,"tail2417":-1,"payloadLen":10,"parsedCount":1}}
{"sessionId":"e9412c","runId":"post-fix","hypothesisId":"verify","location":"handleCompactFrame","message":"compact frame parsed","timestamp":6283,"data":{"avail":-1,"rxLen":10,"hdr2451":-1,"hdr2417":0,"tail2451":-1,"tail2417":-1,"payloadLen":10,"parsedCount":1}}
{"sessionId":"e9412c","runId":"post-fix","hypothesisId":"verify","location":"handleCompactFrame","message":"compact frame parsed","timestamp":6353,"data":{"avail":-1,"rxLen":10,"hdr2451":-1,"hdr2417":0,"tail2451":-1,"tail2417":-1,"payloadLen":10,"parsedCount":1}}
{"sessionId":"e9412c","runId":"post-fix","hypothesisId":"verify","location":"handleCompactFrame","message":"compact frame parsed","timestamp":6416,"data":{"avail":-1,"rxLen":10,"hdr2451":-1,"hdr2417":0,"tail2451":-1,"tail2417":-1,"payloadLen":10,"parsedCount":1}}
{"sessionId":"e9412c","runId":"post-fix","hypothesisId":"verify","location":"handleCompactFrame","message":"compact frame parsed","timestamp":6477,"data":{"avail":-1,"rxLen":10,"hdr2451":-1,"hdr2417":0,"tail2451":-1,"tail2417":-1,"payloadLen":10,"parsedCount":1}}
{"sessionId":"e9412c","runId":"post-fix","hypothesisId":"verify","location":"handleCompactFrame","message":"compact frame parsed","timestamp":6546,"data":{"avail":-1,"rxLen":10,"hdr2451":-1,"hdr2417":0,"tail2451":-1,"tail2417":-1,"payloadLen":10,"parsedCount":1}}
{"sessionId":"e9412c","runId":"post-fix","hypothesisId":"verify","location":"handleCompactFrame","message":"compact frame parsed","timestamp":6608,"data":{"avail":-1,"rxLen":10,"hdr2451":-1,"hdr2417":0,"tail2451":-1,"tail2417":-1,"payloadLen":10,"parsedCount":1}}
{"sessionId":"e9412c","runId":"post-fix","hypothesisId":"B","location":"pollRadar:scan","message":"serial ingest snapshot","timestamp":6672,"data":{"avail":0,"rxLen":102,"hdr2451":-1,"hdr2417":2,"tail2451":-1,"tail2417":-1,"payloadLen":-1,"parsedCount":-1}}
{"sessionId":"e9412c","runId":"post-fix","hypothesisId":"B","location":"pollRadar:sample","message":"rx buffer sample","timestamp":6705,"data":{"hex":"03 02 AA AA 02 73 02 58 01 CF 03 02 AA AA 02 73"}}
{"sessionId":"e9412c","runId":"post-fix","hypothesisId":"verify","location":"handleCompactFrame","message":"compact frame parsed","timestamp":6706,"data":{"avail":-1,"rxLen":10,"hdr2451":-1,"hdr2417":0,"tail2451":-1,"tail2417":-1,"payloadLen":10,"parsedCount":1}}
{"sessionId":"e9412c","runId":"post-fix","hypothesisId":"verify","location":"handleCompactFrame","message":"compact frame parsed","timestamp":6740,"data":{"avail":-1,"rxLen":10,"hdr2451":-1,"hdr2417":0,"tail2451":-1,"tail2417":-1,"payloadLen":10,"parsedCount":1}}
{"sessionId":"e9412c","runId":"post-fix","hypothesisId":"verify","location":"handleCompactFrame","message":"compact frame parsed","timestamp":6801,"data":{"avail":-1,"rxLen":10,"hdr2451":-1,"hdr2417":0,"tail2451":-1,"tail2417":-1,"payloadLen":10,"parsedCount":1}}
{"sessionId":"e9412c","runId":"post-fix","hypothesisId":"verify","location":"handleCompactFrame","message":"compact frame parsed","timestamp":6865,"data":{"avail":-1,"rxLen":10,"hdr2451":-1,"hdr2417":0,"tail2451":-1,"tail2417":-1,"payloadLen":10,"parsedCount":1}}
{"sessionId":"e9412c","runId":"post-fix","hypothesisId":"verify","location":"handleCompactFrame","message":"compact frame parsed","timestamp":6933,"data":{"avail":-1,"rxLen":10,"hdr2451":-1,"hdr2417":0,"tail2451":-1,"tail2417":-1,"payloadLen":10,"parsedCount":1}}
{"sessionId":"e9412c","runId":"post-fix","hypothesisId":"verify","location":"handleCompactFrame","message":"compact frame parsed","timestamp":6998,"data":{"avail":-1,"rxLen":10,"hdr2451":-1,"hdr2417":0,"tail2451":-1,"tail2417":-1,"payloadLen":10,"parsedCount":1}}
{"sessionId":"e9412c","runId":"post-fix","hypothesisId":"verify","location":"handleCompactFrame","message":"compact frame parsed","timestamp":7063,"data":{"avail":-1,"rxLen":10,"hdr2451":-1,"hdr2417":0,"tail2451":-1,"tail2417":-1,"payloadLen":10,"parsedCount":1}}
{"sessionId":"e9412c","runId":"post-fix","hypothesisId":"verify","location":"handleCompactFrame","message":"compact frame parsed","timestamp":7128,"data":{"avail":-1,"rxLen":10,"hdr2451":-1,"hdr2417":0,"tail2451":-1,"tail2417":-1,"payloadLen":10,"parsedCount":1}}
{"sessionId":"e9412c","runId":"post-fix","hypothesisId":"B","location":"pollRadar:scan","message":"serial ingest snapshot","timestamp":7172,"data":{"avail":0,"rxLen":112,"hdr2451":-1,"hdr2417":2,"tail2451":-1,"tail2417":-1,"payloadLen":-1,"parsedCount":-1}}
{"sessionId":"e9412c","runId":"post-fix","hypothesisId":"B","location":"pollRadar:sample","message":"rx buffer sample","timestamp":7205,"data":{"hex":"2B 03 AA AA 03 73 02 6C 01 A9 03 02 AA AA 04 43"}}
{"sessionId":"e9412c","runId":"post-fix","hypothesisId":"verify","location":"handleCompactFrame","message":"compact frame parsed","timestamp":7206,"data":{"avail":-1,"rxLen":10,"hdr2451":-1,"hdr2417":0,"tail2451":-1,"tail2417":-1,"payloadLen":10,"parsedCount":1}}
{"sessionId":"e9412c","runId":"post-fix","hypothesisId":"verify","location":"handleCompactFrame","message":"compact frame parsed","timestamp":7259,"data":{"avail":-1,"rxLen":10,"hdr2451":-1,"hdr2417":0,"tail2451":-1,"tail2417":-1,"payloadLen":10,"parsedCount":1}}
{"sessionId":"e9412c","runId":"post-fix","hypothesisId":"verify","location":"handleCompactFrame","message":"compact frame parsed","timestamp":7320,"data":{"avail":-1,"rxLen":10,"hdr2451":-1,"hdr2417":0,"tail2451":-1,"tail2417":-1,"payloadLen":10,"parsedCount":1}}
{"sessionId":"e9412c","runId":"post-fix","hypothesisId":"verify","location":"handleCompactFrame","message":"compact frame parsed","timestamp":7381,"data":{"avail":-1,"rxLen":10,"hdr2451":-1,"hdr2417":0,"tail2451":-1,"tail2417":-1,"payloadLen":10,"parsedCount":1}}
{"sessionId":"e9412c","runId":"post-fix","hypothesisId":"verify","location":"handleCompactFrame","message":"compact frame parsed","timestamp":7450,"data":{"avail":-1,"rxLen":10,"hdr2451":-1,"hdr2417":0,"tail2451":-1,"tail2417":-1,"payloadLen":10,"parsedCount":1}}
{"sessionId":"e9412c","runId":"post-fix","hypothesisId":"verify","location":"handleCompactFrame","message":"compact frame parsed","timestamp":7511,"data":{"avail":-1,"rxLen":10,"hdr2451":-1,"hdr2417":0,"tail2451":-1,"tail2417":-1,"payloadLen":10,"parsedCount":1}}
{"sessionId":"e9412c","runId":"post-fix","hypothesisId":"verify","location":"handleCompactFrame","message":"compact frame parsed","timestamp":7578,"data":{"avail":-1,"rxLen":10,"hdr2451":-1,"hdr2417":0,"tail2451":-1,"tail2417":-1,"payloadLen":10,"parsedCount":1}}
{"sessionId":"e9412c","runId":"post-fix","hypothesisId":"verify","location":"handleCompactFrame","message":"compact frame parsed","timestamp":7642,"data":{"avail":-1,"rxLen":10,"hdr2451":-1,"hdr2417":0,"tail2451":-1,"tail2417":-1,"payloadLen":10,"parsedCount":1}}
{"sessionId":"e9412c","runId":"post-fix","hypothesisId":"B","location":"pollRadar:scan","message":"serial ingest snapshot","timestamp":7672,"data":{"avail":0,"rxLen":112,"hdr2451":-1,"hdr2417":2,"tail2451":-1,"tail2417":-1,"payloadLen":-1,"parsedCount":-1}}
{"sessionId":"e9412c","runId":"post-fix","hypothesisId":"B","location":"pollRadar:sample","message":"rx buffer sample","timestamp":7705,"data":{"hex":"02 02 AA AA 03 73 02 5E 01 57 02 00 AA AA 03 73"}}
{"sessionId":"e9412c","runId":"post-fix","hypothesisId":"verify","location":"handleCompactFrame","message":"compact frame parsed","timestamp":7707,"data":{"avail":-1,"rxLen":10,"hdr2451":-1,"hdr2417":0,"tail2451":-1,"tail2417":-1,"payloadLen":10,"parsedCount":1}}
{"sessionId":"e9412c","runId":"post-fix","hypothesisId":"verify","location":"handleCompactFrame","message":"compact frame parsed","timestamp":7773,"data":{"avail":-1,"rxLen":10,"hdr2451":-1,"hdr2417":0,"tail2451":-1,"tail2417":-1,"payloadLen":10,"parsedCount":1}}
{"sessionId":"e9412c","runId":"post-fix","hypothesisId":"verify","location":"handleCompactFrame","message":"compact frame parsed","timestamp":7841,"data":{"avail":-1,"rxLen":10,"hdr2451":-1,"hdr2417":0,"tail2451":-1,"tail2417":-1,"payloadLen":10,"parsedCount":1}}
{"sessionId":"e9412c","runId":"post-fix","hypothesisId":"verify","location":"handleCompactFrame","message":"compact frame parsed","timestamp":7915,"data":{"avail":-1,"rxLen":10,"hdr2451":-1,"hdr2417":0,"tail2451":-1,"tail2417":-1,"payloadLen":10,"parsedCount":1}}
{"sessionId":"e9412c","runId":"post-fix","hypothesisId":"verify","location":"handleCompactFrame","message":"compact frame parsed","timestamp":7977,"data":{"avail":-1,"rxLen":10,"hdr2451":-1,"hdr2417":0,"tail2451":-1,"tail2417":-1,"payloadLen":10,"parsedCount":1}}
{"sessionId":"e9412c","runId":"post-fix","hypothesisId":"verify","location":"handleCompactFrame","message":"compact frame parsed","timestamp":8040,"data":{"avail":-1,"rxLen":10,"hdr2451":-1,"hdr2417":0,"tail2451":-1,"tail2417":-1,"payloadLen":10,"parsedCount":1}}
{"sessionId":"e9412c","runId":"post-fix","hypothesisId":"verify","location":"handleCompactFrame","message":"compact frame parsed","timestamp":8109,"data":{"avail":-1,"rxLen":10,"hdr2451":-1,"hdr2417":0,"tail2451":-1,"tail2417":-1,"payloadLen":10,"parsedCount":1}}
{"sessionId":"e9412c","runId":"post-fix","hypothesisId":"B","location":"pollRadar:scan","message":"serial ingest snapshot","timestamp":8172,"data":{"avail":0,"rxLen":102,"hdr2451":-1,"hdr2417":2,"tail2451":-1,"tail2417":-1,"payloadLen":-1,"parsedCount":-1}}
{"sessionId":"e9412c","runId":"post-fix","hypothesisId":"B","location":"pollRadar:sample","message":"rx buffer sample","timestamp":8205,"data":{"hex":"03 02 AA AA 01 7A 02 5B 01 B0 03 02 AA AA 01 7A"}}
{"sessionId":"e9412c","runId":"post-fix","hypothesisId":"verify","location":"handleCompactFrame","message":"compact frame parsed","timestamp":8206,"data":{"avail":-1,"rxLen":10,"hdr2451":-1,"hdr2417":0,"tail2451":-1,"tail2417":-1,"payloadLen":10,"parsedCount":1}}
{"sessionId":"e9412c","runId":"post-fix","hypothesisId":"verify","location":"handleCompactFrame","message":"compact frame parsed","timestamp":8240,"data":{"avail":-1,"rxLen":10,"hdr2451":-1,"hdr2417":0,"tail2451":-1,"tail2417":-1,"payloadLen":10,"parsedCount":1}}
{"sessionId":"e9412c","runId":"post-fix","hypothesisId":"verify","location":"handleCompactFrame","message":"compact frame parsed","timestamp":8301,"data":{"avail":-1,"rxLen":10,"hdr2451":-1,"hdr2417":0,"tail2451":-1,"tail2417":-1,"payloadLen":10,"parsedCount":1}}
{"sessionId":"e9412c","runId":"post-fix","hypothesisId":"verify","location":"handleCompactFrame","message":"compact frame parsed","timestamp":8369,"data":{"avail":-1,"rxLen":10,"hdr2451":-1,"hdr2417":0,"tail2451":-1,"tail2417":-1,"payloadLen":10,"parsedCount":1}}
{"sessionId":"e9412c","runId":"post-fix","hypothesisId":"verify","location":"handleCompactFrame","message":"compact frame parsed","timestamp":8435,"data":{"avail":-1,"rxLen":10,"hdr2451":-1,"hdr2417":0,"tail2451":-1,"tail2417":-1,"payloadLen":10,"parsedCount":1}}
{"sessionId":"e9412c","runId":"post-fix","hypothesisId":"verify","location":"handleCompactFrame","message":"compact frame parsed","timestamp":8495,"data":{"avail":-1,"rxLen":10,"hdr2451":-1,"hdr2417":0,"tail2451":-1,"tail2417":-1,"payloadLen":10,"parsedCount":1}}
{"sessionId":"e9412c","runId":"post-fix","hypothesisId":"B","location":"pollRadar:scan","message":"serial ingest snapshot","timestamp":8672,"data":{"avail":0,"rxLen":92,"hdr2451":-1,"hdr2417":2,"tail2451":-1,"tail2417":-1,"payloadLen":-1,"parsedCount":-1}}
{"sessionId":"e9412c","runId":"post-fix","hypothesisId":"B","location":"pollRadar:sample","message":"rx buffer sample","timestamp":8705,"data":{"hex":"1A 03 AA AA 04 43 02 5C 01 6C 0A 02 AA AA 05 43"}}
{"sessionId":"e9412c","runId":"post-fix","hypothesisId":"B","location":"pollRadar:scan","message":"serial ingest snapshot","timestamp":9172,"data":{"avail":0,"rxLen":32,"hdr2451":-1,"hdr2417":2,"tail2451":-1,"tail2417":-1,"payloadLen":-1,"parsedCount":-1}}
{"sessionId":"e9412c","runId":"post-fix","hypothesisId":"B","location":"pollRadar:sample","message":"rx buffer sample","timestamp":9205,"data":{"hex":"04 02 AA AA 05 7A 02 52 01 F0 03 02 AA AA 05 7A"}}
{"sessionId":"e9412c","runId":"post-fix","hypothesisId":"B","location":"pollRadar:scan","message":"serial ingest snapshot","timestamp":9672,"data":{"avail":0,"rxLen":32,"hdr2451":-1,"hdr2417":2,"tail2451":-1,"tail2417":-1,"payloadLen":-1,"parsedCount":-1}}
{"sessionId":"e9412c","runId":"post-fix","hypothesisId":"B","location":"pollRadar:sample","message":"rx buffer sample","timestamp":9705,"data":{"hex":"04 02 AA AA 05 7A 02 52 01 F0 03 02 AA AA 05 7A"}}
{"sessionId":"e9412c","runId":"post-fix","hypothesisId":"B","location":"pollRadar:scan","message":"serial ingest snapshot","timestamp":10172,"data":{"avail":0,"rxLen":32,"hdr2451":-1,"hdr2417":2,"tail2451":-1,"tail2417":-1,"payloadLen":-1,"parsedCount":-1}}
{"sessionId":"e9412c","runId":"post-fix","hypothesisId":"B","location":"pollRadar:sample","message":"rx buffer sample","timestamp":10205,"data":{"hex":"04 02 AA AA 05 7A 02 52 01 F0 03 02 AA AA 05 7A"}}
{"sessionId":"e9412c","runId":"post-fix","hypothesisId":"B","location":"pollRadar:scan","message":"serial ingest snapshot","timestamp":10672,"data":{"avail":0,"rxLen":32,"hdr2451":-1,"hdr2417":2,"tail2451":-1,"tail2417":-1,"payloadLen":-1,"parsedCount":-1}}
{"sessionId":"e9412c","runId":"post-fix","hypothesisId":"B","location":"pollRadar:sample","message":"rx buffer sample","timestamp":10705,"data":{"hex":"04 02 AA AA 05 7A 02 52 01 F0 03 02 AA AA 05 7A"}}
{"sessionId":"e9412c","runId":"post-fix","hypothesisId":"B","location":"pollRadar:scan","message":"serial ingest snapshot","timestamp":11172,"data":{"avail":0,"rxLen":32,"hdr2451":-1,"hdr2417":2,"tail2451":-1,"tail2417":-1,"payloadLen":-1,"parsedCount":-1}}
{"sessionId":"e9412c","runId":"post-fix","hypothesisId":"B","location":"pollRadar:sample","message":"rx buffer sample","timestamp":11205,"data":{"hex":"04 02 AA AA 05 7A 02 52 01 F0 03 02 AA AA 05 7A"}}
{"sessionId":"e9412c","runId":"post-fix","hypothesisId":"B","location":"pollRadar:scan","message":"serial ingest snapshot","timestamp":11672,"data":{"avail":0,"rxLen":32,"hdr2451":-1,"hdr2417":2,"tail2451":-1,"tail2417":-1,"payloadLen":-1,"parsedCount":-1}}
{"sessionId":"e9412c","runId":"post-fix","hypothesisId":"B","location":"pollRadar:sample","message":"rx buffer sample","timestamp":11705,"data":{"hex":"04 02 AA AA 05 7A 02 52 01 F0 03 02 AA AA 05 7A"}}
{"sessionId":"e9412c","runId":"post-fix","hypothesisId":"B","location":"pollRadar:scan","message":"serial ingest snapshot","timestamp":12172,"data":{"avail":0,"rxLen":32,"hdr2451":-1,"hdr2417":2,"tail2451":-1,"tail2417":-1,"payloadLen":-1,"parsedCount":-1}}
{"sessionId":"e9412c","runId":"post-fix","hypothesisId":"B","location":"pollRadar:sample","message":"rx buffer sample","timestamp":12205,"data":{"hex":"04 02 AA AA 05 7A 02 52 01 F0 03 02 AA AA 05 7A"}}
{"sessionId":"e9412c","runId":"post-fix","hypothesisId":"B","location":"pollRadar:scan","message":"serial ingest snapshot","timestamp":12672,"data":{"avail":0,"rxLen":32,"hdr2451":-1,"hdr2417":2,"tail2451":-1,"tail2417":-1,"payloadLen":-1,"parsedCount":-1}}
{"sessionId":"e9412c","runId":"post-fix","hypothesisId":"B","location":"pollRadar:sample","message":"rx buffer sample","timestamp":12705,"data":{"hex":"04 02 AA AA 05 7A 02 52 01 F0 03 02 AA AA 05 7A"}}
{"sessionId":"e9412c","runId":"post-fix","hypothesisId":"B","location":"pollRadar:scan","message":"serial ingest snapshot","timestamp":13172,"data":{"avail":0,"rxLen":32,"hdr2451":-1,"hdr2417":2,"tail2451":-1,"tail2417":-1,"payloadLen":-1,"parsedCount":-1}}
{"sessionId":"e9412c","runId":"post-fix","hypothesisId":"B","location":"pollRadar:sample","message":"rx buffer sample","timestamp":13205,"data":{"hex":"04 02 AA AA 05 7A 02 52 01 F0 03 02 AA AA 05 7A"}}
{"sessionId":"e9412c","runId":"post-fix","hypothesisId":"B","location":"pollRadar:scan","message":"serial ingest snapshot","timestamp":13672,"data":{"avail":0,"rxLen":32,"hdr2451":-1,"hdr2417":2,"tail2451":-1,"tail2417":-1,"payloadLen":-1,"parsedCount":-1}}
{"sessionId":"e9412c","runId":"post-fix","hypothesisId":"B","location":"pollRadar:sample","message":"rx buffer sample","timestamp":13705,"data":{"hex":"04 02 AA AA 05 7A 02 52 01 F0 03 02 AA AA 05 7A"}}
{"sessionId":"e9412c","runId":"post-fix","hypothesisId":"B","location":"pollRadar:scan","message":"serial ingest snapshot","timestamp":14172,"data":{"avail":0,"rxLen":32,"hdr2451":-1,"hdr2417":2,"tail2451":-1,"tail2417":-1,"payloadLen":-1,"parsedCount":-1}}
{"sessionId":"e9412c","runId":"post-fix","hypothesisId":"B","location":"pollRadar:sample","message":"rx buffer sample","timestamp":14205,"data":{"hex":"04 02 AA AA 05 7A 02 52 01 F0 03 02 AA AA 05 7A"}}
{"sessionId":"e9412c","runId":"post-fix","hypothesisId":"verify","location":"handleCompactFrame","message":"compact frame parsed","timestamp":14411,"data":{"avail":-1,"rxLen":10,"hdr2451":-1,"hdr2417":0,"tail2451":-1,"tail2417":-1,"payloadLen":10,"parsedCount":1}}
{"sessionId":"e9412c","runId":"post-fix","hypothesisId":"verify","location":"handleCompactFrame","message":"compact frame parsed","timestamp":14474,"data":{"avail":-1,"rxLen":10,"hdr2451":-1,"hdr2417":0,"tail2451":-1,"tail2417":-1,"payloadLen":10,"parsedCount":1}}
{"sessionId":"e9412c","runId":"post-fix","hypothesisId":"verify","location":"handleCompactFrame","message":"compact frame parsed","timestamp":14545,"data":{"avail":-1,"rxLen":10,"hdr2451":-1,"hdr2417":0,"tail2451":-1,"tail2417":-1,"payloadLen":10,"parsedCount":1}}
{"sessionId":"e9412c","runId":"post-fix","hypothesisId":"verify","location":"handleCompactFrame","message":"compact frame parsed","timestamp":14608,"data":{"avail":-1,"rxLen":10,"hdr2451":-1,"hdr2417":0,"tail2451":-1,"tail2417":-1,"payloadLen":10,"parsedCount":1}}
{"sessionId":"e9412c","runId":"post-fix","hypothesisId":"verify","location":"handleCompactFrame","message":"compact frame parsed","timestamp":14672,"data":{"avail":-1,"rxLen":10,"hdr2451":-1,"hdr2417":0,"tail2451":-1,"tail2417":-1,"payloadLen":10,"parsedCount":1}}
{"sessionId":"e9412c","runId":"post-fix","hypothesisId":"B","location":"pollRadar:scan","message":"serial ingest snapshot","timestamp":14695,"data":{"avail":0,"rxLen":82,"hdr2451":-1,"hdr2417":2,"tail2451":-1,"tail2417":-1,"payloadLen":-1,"parsedCount":-1}}
{"sessionId":"e9412c","runId":"post-fix","hypothesisId":"B","location":"pollRadar:sample","message":"rx buffer sample","timestamp":14728,"data":{"hex":"04 02 AA AA 05 7A 02 52 01 F0 03 02 AA AA 05 7A"}}
{"sessionId":"e9412c","runId":"post-fix","hypothesisId":"verify","location":"handleCompactFrame","message":"compact frame parsed","timestamp":14740,"data":{"avail":-1,"rxLen":10,"hdr2451":-1,"hdr2417":0,"tail2451":-1,"tail2417":-1,"payloadLen":10,"parsedCount":1}}
{"sessionId":"e9412c","runId":"post-fix","hypothesisId":"verify","location":"handleCompactFrame","message":"compact frame parsed","timestamp":14794,"data":{"avail":-1,"rxLen":10,"hdr2451":-1,"hdr2417":0,"tail2451":-1,"tail2417":-1,"payloadLen":10,"parsedCount":1}}
{"sessionId":"e9412c","runId":"post-fix","hypothesisId":"verify","location":"handleCompactFrame","message":"compact frame parsed","timestamp":14864,"data":{"avail":-1,"rxLen":10,"hdr2451":-1,"hdr2417":0,"tail2451":-1,"tail2417":-1,"payloadLen":10,"parsedCount":1}}
{"sessionId":"e9412c","runId":"post-fix","hypothesisId":"verify","location":"handleCompactFrame","message":"compact frame parsed","timestamp":14923,"data":{"avail":-1,"rxLen":10,"hdr2451":-1,"hdr2417":0,"tail2451":-1,"tail2417":-1,"payloadLen":10,"parsedCount":1}}
{"sessionId":"e9412c","runId":"post-fix","hypothesisId":"verify","location":"handleCompactFrame","message":"compact frame parsed","timestamp":14992,"data":{"avail":-1,"rxLen":10,"hdr2451":-1,"hdr2417":0,"tail2451":-1,"tail2417":-1,"payloadLen":10,"parsedCount":1}}
{"sessionId":"e9412c","runId":"post-fix","hypothesisId":"verify","location":"handleCompactFrame","message":"compact frame parsed","timestamp":15060,"data":{"avail":-1,"rxLen":10,"hdr2451":-1,"hdr2417":0,"tail2451":-1,"tail2417":-1,"payloadLen":10,"parsedCount":1}}
{"sessionId":"e9412c","runId":"post-fix","hypothesisId":"verify","location":"handleCompactFrame","message":"compact frame parsed","timestamp":15125,"data":{"avail":-1,"rxLen":10,"hdr2451":-1,"hdr2417":0,"tail2451":-1,"tail2417":-1,"payloadLen":10,"parsedCount":1}}
{"sessionId":"e9412c","runId":"post-fix","hypothesisId":"verify","location":"handleCompactFrame","message":"compact frame parsed","timestamp":15191,"data":{"avail":-1,"rxLen":10,"hdr2451":-1,"hdr2417":0,"tail2451":-1,"tail2417":-1,"payloadLen":10,"parsedCount":1}}
{"sessionId":"e9412c","runId":"post-fix","hypothesisId":"B","location":"pollRadar:scan","message":"serial ingest snapshot","timestamp":15214,"data":{"avail":45,"rxLen":112,"hdr2451":-1,"hdr2417":2,"tail2451":-1,"tail2417":-1,"payloadLen":-1,"parsedCount":-1}}
{"sessionId":"e9412c","runId":"post-fix","hypothesisId":"B","location":"pollRadar:sample","message":"rx buffer sample","timestamp":15247,"data":{"hex":"07 02 AA AA 05 AA 02 96 01 39 1A 03 AA AA 05 AA"}}
{"sessionId":"e9412c","runId":"post-fix","hypothesisId":"verify","location":"handleCompactFrame","message":"compact frame parsed","timestamp":15259,"data":{"avail":-1,"rxLen":10,"hdr2451":-1,"hdr2417":0,"tail2451":-1,"tail2417":-1,"payloadLen":10,"parsedCount":1}}
{"sessionId":"e9412c","runId":"post-fix","hypothesisId":"verify","location":"handleCompactFrame","message":"compact frame parsed","timestamp":15317,"data":{"avail":-1,"rxLen":10,"hdr2451":-1,"hdr2417":0,"tail2451":-1,"tail2417":-1,"payloadLen":10,"parsedCount":1}}
{"sessionId":"e9412c","runId":"post-fix","hypothesisId":"verify","location":"handleCompactFrame","message":"compact frame parsed","timestamp":15387,"data":{"avail":-1,"rxLen":10,"hdr2451":-1,"hdr2417":0,"tail2451":-1,"tail2417":-1,"payloadLen":10,"parsedCount":1}}
{"sessionId":"e9412c","runId":"post-fix","hypothesisId":"verify","location":"handleCompactFrame","message":"compact frame parsed","timestamp":15448,"data":{"avail":-1,"rxLen":10,"hdr2451":-1,"hdr2417":0,"tail2451":-1,"tail2417":-1,"payloadLen":10,"parsedCount":1}}
{"sessionId":"e9412c","runId":"post-fix","hypothesisId":"verify","location":"handleCompactFrame","message":"compact frame parsed","timestamp":15509,"data":{"avail":-1,"rxLen":10,"hdr2451":-1,"hdr2417":0,"tail2451":-1,"tail2417":-1,"payloadLen":10,"parsedCount":1}}
{"sessionId":"e9412c","runId":"post-fix","hypothesisId":"verify","location":"handleCompactFrame","message":"compact frame parsed","timestamp":15574,"data":{"avail":-1,"rxLen":10,"hdr2451":-1,"hdr2417":0,"tail2451":-1,"tail2417":-1,"payloadLen":10,"parsedCount":1}}
{"sessionId":"e9412c","runId":"post-fix","hypothesisId":"verify","location":"handleCompactFrame","message":"compact frame parsed","timestamp":15639,"data":{"avail":-1,"rxLen":10,"hdr2451":-1,"hdr2417":0,"tail2451":-1,"tail2417":-1,"payloadLen":10,"parsedCount":1}}
{"sessionId":"e9412c","runId":"post-fix","hypothesisId":"verify","location":"handleCompactFrame","message":"compact frame parsed","timestamp":15709,"data":{"avail":-1,"rxLen":10,"hdr2451":-1,"hdr2417":0,"tail2451":-1,"tail2417":-1,"payloadLen":10,"parsedCount":1}}
{"sessionId":"e9412c","runId":"post-fix","hypothesisId":"B","location":"pollRadar:scan","message":"serial ingest snapshot","timestamp":15732,"data":{"avail":0,"rxLen":112,"hdr2451":-1,"hdr2417":2,"tail2451":-1,"tail2417":-1,"payloadLen":-1,"parsedCount":-1}}
{"sessionId":"e9412c","runId":"post-fix","hypothesisId":"B","location":"pollRadar:sample","message":"rx buffer sample","timestamp":15765,"data":{"hex":"05 02 AA AA 04 AF 02 38 01 42 04 02 AA AA 04 AF"}}
{"sessionId":"e9412c","runId":"post-fix","hypothesisId":"verify","location":"handleCompactFrame","message":"compact frame parsed","timestamp":15777,"data":{"avail":-1,"rxLen":10,"hdr2451":-1,"hdr2417":0,"tail2451":-1,"tail2417":-1,"payloadLen":10,"parsedCount":1}}
{"sessionId":"e9412c","runId":"post-fix","hypothesisId":"verify","location":"handleCompactFrame","message":"compact frame parsed","timestamp":15832,"data":{"avail":-1,"rxLen":10,"hdr2451":-1,"hdr2417":0,"tail2451":-1,"tail2417":-1,"payloadLen":10,"parsedCount":1}}
{"sessionId":"e9412c","runId":"post-fix","hypothesisId":"verify","location":"handleCompactFrame","message":"compact frame parsed","timestamp":15899,"data":{"avail":-1,"rxLen":10,"hdr2451":-1,"hdr2417":0,"tail2451":-1,"tail2417":-1,"payloadLen":10,"parsedCount":1}}
{"sessionId":"e9412c","runId":"post-fix","hypothesisId":"verify","location":"handleCompactFrame","message":"compact frame parsed","timestamp":15961,"data":{"avail":-1,"rxLen":10,"hdr2451":-1,"hdr2417":0,"tail2451":-1,"tail2417":-1,"payloadLen":10,"parsedCount":1}}
{"sessionId":"e9412c","runId":"post-fix","hypothesisId":"verify","location":"handleCompactFrame","message":"compact frame parsed","timestamp":16025,"data":{"avail":-1,"rxLen":10,"hdr2451":-1,"hdr2417":0,"tail2451":-1,"tail2417":-1,"payloadLen":10,"parsedCount":1}}
{"sessionId":"e9412c","runId":"post-fix","hypothesisId":"verify","location":"handleCompactFrame","message":"compact frame parsed","timestamp":16098,"data":{"avail":-1,"rxLen":10,"hdr2451":-1,"hdr2417":0,"tail2451":-1,"tail2417":-1,"payloadLen":10,"parsedCount":1}}
{"sessionId":"e9412c","runId":"post-fix","hypothesisId":"verify","location":"handleCompactFrame","message":"compact frame parsed","timestamp":16159,"data":{"avail":-1,"rxLen":10,"hdr2451":-1,"hdr2417":0,"tail2451":-1,"tail2417":-1,"payloadLen":10,"parsedCount":1}}
{"sessionId":"e9412c","runId":"post-fix","hypothesisId":"verify","location":"handleCompactFrame","message":"compact frame parsed","timestamp":16224,"data":{"avail":-1,"rxLen":10,"hdr2451":-1,"hdr2417":0,"tail2451":-1,"tail2417":-1,"payloadLen":10,"parsedCount":1}}
{"sessionId":"e9412c","runId":"post-fix","hypothesisId":"B","location":"pollRadar:scan","message":"serial ingest snapshot","timestamp":16247,"data":{"avail":0,"rxLen":112,"hdr2451":-1,"hdr2417":2,"tail2451":-1,"tail2417":-1,"payloadLen":-1,"parsedCount":-1}}
{"sessionId":"e9412c","runId":"post-fix","hypothesisId":"B","location":"pollRadar:sample","message":"rx buffer sample","timestamp":16280,"data":{"hex":"03 02 AA AA 02 AF 02 4A 01 BD 03 02 AA AA 02 AF"}}
{"sessionId":"e9412c","runId":"post-fix","hypothesisId":"verify","location":"handleCompactFrame","message":"compact frame parsed","timestamp":16292,"data":{"avail":-1,"rxLen":10,"hdr2451":-1,"hdr2417":0,"tail2451":-1,"tail2417":-1,"payloadLen":10,"parsedCount":1}}
{"sessionId":"e9412c","runId":"post-fix","hypothesisId":"verify","location":"handleCompactFrame","message":"compact frame parsed","timestamp":16353,"data":{"avail":-1,"rxLen":10,"hdr2451":-1,"hdr2417":0,"tail2451":-1,"tail2417":-1,"payloadLen":10,"parsedCount":1}}
{"sessionId":"e9412c","runId":"post-fix","hypothesisId":"verify","location":"handleCompactFrame","message":"compact frame parsed","timestamp":16419,"data":{"avail":-1,"rxLen":10,"hdr2451":-1,"hdr2417":0,"tail2451":-1,"tail2417":-1,"payloadLen":10,"parsedCount":1}}
{"sessionId":"e9412c","runId":"post-fix","hypothesisId":"verify","location":"handleCompactFrame","message":"compact frame parsed","timestamp":16484,"data":{"avail":-1,"rxLen":10,"hdr2451":-1,"hdr2417":0,"tail2451":-1,"tail2417":-1,"payloadLen":10,"parsedCount":1}}
{"sessionId":"e9412c","runId":"post-fix","hypothesisId":"verify","location":"handleCompactFrame","message":"compact frame parsed","timestamp":16552,"data":{"avail":-1,"rxLen":10,"hdr2451":-1,"hdr2417":0,"tail2451":-1,"tail2417":-1,"payloadLen":10,"parsedCount":1}}
{"sessionId":"e9412c","runId":"post-fix","hypothesisId":"verify","location":"handleCompactFrame","message":"compact frame parsed","timestamp":16614,"data":{"avail":-1,"rxLen":10,"hdr2451":-1,"hdr2417":0,"tail2451":-1,"tail2417":-1,"payloadLen":10,"parsedCount":1}}
{"sessionId":"e9412c","runId":"post-fix","hypothesisId":"verify","location":"handleCompactFrame","message":"compact frame parsed","timestamp":16679,"data":{"avail":-1,"rxLen":10,"hdr2451":-1,"hdr2417":0,"tail2451":-1,"tail2417":-1,"payloadLen":10,"parsedCount":1}}
{"sessionId":"e9412c","runId":"post-fix","hypothesisId":"verify","location":"handleCompactFrame","message":"compact frame parsed","timestamp":16741,"data":{"avail":-1,"rxLen":10,"hdr2451":-1,"hdr2417":0,"tail2451":-1,"tail2417":-1,"payloadLen":10,"parsedCount":1}}
{"sessionId":"e9412c","runId":"post-fix","hypothesisId":"B","location":"pollRadar:scan","message":"serial ingest snapshot","timestamp":16764,"data":{"avail":15,"rxLen":113,"hdr2451":-1,"hdr2417":2,"tail2451":-1,"tail2417":-1,"payloadLen":-1,"parsedCount":-1}}
{"sessionId":"e9412c","runId":"post-fix","hypothesisId":"B","location":"pollRadar:sample","message":"rx buffer sample","timestamp":16797,"data":{"hex":"03 02 AA AA 03 AF 02 46 01 9D 03 02 AA AA 02 AF"}}
{"sessionId":"e9412c","runId":"post-fix","hypothesisId":"verify","location":"handleCompactFrame","message":"compact frame parsed","timestamp":16809,"data":{"avail":-1,"rxLen":10,"hdr2451":-1,"hdr2417":0,"tail2451":-1,"tail2417":-1,"payloadLen":10,"parsedCount":1}}
{"sessionId":"e9412c","runId":"post-fix","hypothesisId":"verify","location":"handleCompactFrame","message":"compact frame parsed","timestamp":16873,"data":{"avail":-1,"rxLen":10,"hdr2451":-1,"hdr2417":0,"tail2451":-1,"tail2417":-1,"payloadLen":10,"parsedCount":1}}
{"sessionId":"e9412c","runId":"post-fix","hypothesisId":"verify","location":"handleCompactFrame","message":"compact frame parsed","timestamp":16940,"data":{"avail":-1,"rxLen":10,"hdr2451":-1,"hdr2417":0,"tail2451":-1,"tail2417":-1,"payloadLen":10,"parsedCount":1}}
{"sessionId":"e9412c","runId":"post-fix","hypothesisId":"verify","location":"handleCompactFrame","message":"compact frame parsed","timestamp":17001,"data":{"avail":-1,"rxLen":10,"hdr2451":-1,"hdr2417":0,"tail2451":-1,"tail2417":-1,"payloadLen":10,"parsedCount":1}}
{"sessionId":"e9412c","runId":"post-fix","hypothesisId":"verify","location":"handleCompactFrame","message":"compact frame parsed","timestamp":17070,"data":{"avail":-1,"rxLen":10,"hdr2451":-1,"hdr2417":0,"tail2451":-1,"tail2417":-1,"payloadLen":10,"parsedCount":1}}
{"sessionId":"e9412c","runId":"post-fix","hypothesisId":"verify","location":"handleCompactFrame","message":"compact frame parsed","timestamp":17137,"data":{"avail":-1,"rxLen":10,"hdr2451":-1,"hdr2417":0,"tail2451":-1,"tail2417":-1,"payloadLen":10,"parsedCount":1}}
{"sessionId":"e9412c","runId":"post-fix","hypothesisId":"verify","location":"handleCompactFrame","message":"compact frame parsed","timestamp":17196,"data":{"avail":-1,"rxLen":10,"hdr2451":-1,"hdr2417":0,"tail2451":-1,"tail2417":-1,"payloadLen":10,"parsedCount":1}}
{"sessionId":"e9412c","runId":"post-fix","hypothesisId":"B","location":"pollRadar:scan","message":"serial ingest snapshot","timestamp":17264,"data":{"avail":0,"rxLen":102,"hdr2451":-1,"hdr2417":1,"tail2451":-1,"tail2417":-1,"payloadLen":-1,"parsedCount":-1}}
{"sessionId":"e9412c","runId":"post-fix","hypothesisId":"B","location":"pollRadar:sample","message":"rx buffer sample","timestamp":17297,"data":{"hex":"03 AA AA 02 AA 02 67 01 21 09 02 AA AA AA 02 AF"}}
{"sessionId":"e9412c","runId":"post-fix","hypothesisId":"verify","location":"handleCompactFrame","message":"compact frame parsed","timestamp":17298,"data":{"avail":-1,"rxLen":10,"hdr2451":-1,"hdr2417":0,"tail2451":-1,"tail2417":-1,"payloadLen":10,"parsedCount":1}}
{"sessionId":"e9412c","runId":"post-fix","hypothesisId":"verify","location":"handleCompactFrame","message":"compact frame parsed","timestamp":17332,"data":{"avail":-1,"rxLen":10,"hdr2451":-1,"hdr2417":0,"tail2451":-1,"tail2417":-1,"payloadLen":10,"parsedCount":1}}
{"sessionId":"e9412c","runId":"post-fix","hypothesisId":"verify","location":"handleCompactFrame","message":"compact frame parsed","timestamp":17396,"data":{"avail":-1,"rxLen":10,"hdr2451":-1,"hdr2417":0,"tail2451":-1,"tail2417":-1,"payloadLen":10,"parsedCount":1}}
{"sessionId":"e9412c","runId":"post-fix","hypothesisId":"verify","location":"handleCompactFrame","message":"compact frame parsed","timestamp":17462,"data":{"avail":-1,"rxLen":10,"hdr2451":-1,"hdr2417":0,"tail2451":-1,"tail2417":-1,"payloadLen":10,"parsedCount":1}}
{"sessionId":"e9412c","runId":"post-fix","hypothesisId":"verify","location":"handleCompactFrame","message":"compact frame parsed","timestamp":17526,"data":{"avail":-1,"rxLen":10,"hdr2451":-1,"hdr2417":0,"tail2451":-1,"tail2417":-1,"payloadLen":10,"parsedCount":1}}
{"sessionId":"e9412c","runId":"post-fix","hypothesisId":"verify","location":"handleCompactFrame","message":"compact frame parsed","timestamp":17592,"data":{"avail":-1,"rxLen":10,"hdr2451":-1,"hdr2417":0,"tail2451":-1,"tail2417":-1,"payloadLen":10,"parsedCount":1}}
{"sessionId":"e9412c","runId":"post-fix","hypothesisId":"verify","location":"handleCompactFrame","message":"compact frame parsed","timestamp":17658,"data":{"avail":-1,"rxLen":10,"hdr2451":-1,"hdr2417":0,"tail2451":-1,"tail2417":-1,"payloadLen":10,"parsedCount":1}}
{"sessionId":"e9412c","runId":"post-fix","hypothesisId":"verify","location":"handleCompactFrame","message":"compact frame parsed","timestamp":17722,"data":{"avail":-1,"rxLen":10,"hdr2451":-1,"hdr2417":0,"tail2451":-1,"tail2417":-1,"payloadLen":10,"parsedCount":1}}
{"sessionId":"e9412c","runId":"post-fix","hypothesisId":"B","location":"pollRadar:scan","message":"serial ingest snapshot","timestamp":17764,"data":{"avail":0,"rxLen":112,"hdr2451":-1,"hdr2417":2,"tail2451":-1,"tail2417":-1,"payloadLen":-1,"parsedCount":-1}}
{"sessionId":"e9412c","runId":"post-fix","hypothesisId":"B","location":"pollRadar:sample","message":"rx buffer sample","timestamp":17797,"data":{"hex":"03 02 AA AA 02 AF 02 66 01 22 04 02 AA AA 03 AF"}}
{"sessionId":"e9412c","runId":"post-fix","hypothesisId":"verify","location":"handleCompactFrame","message":"compact frame parsed","timestamp":17798,"data":{"avail":-1,"rxLen":10,"hdr2451":-1,"hdr2417":0,"tail2451":-1,"tail2417":-1,"payloadLen":10,"parsedCount":1}}
{"sessionId":"e9412c","runId":"post-fix","hypothesisId":"verify","location":"handleCompactFrame","message":"compact frame parsed","timestamp":17852,"data":{"avail":-1,"rxLen":10,"hdr2451":-1,"hdr2417":0,"tail2451":-1,"tail2417":-1,"payloadLen":10,"parsedCount":1}}
{"sessionId":"e9412c","runId":"post-fix","hypothesisId":"verify","location":"handleCompactFrame","message":"compact frame parsed","timestamp":17915,"data":{"avail":-1,"rxLen":10,"hdr2451":-1,"hdr2417":0,"tail2451":-1,"tail2417":-1,"payloadLen":10,"parsedCount":1}}
{"sessionId":"e9412c","runId":"post-fix","hypothesisId":"verify","location":"handleCompactFrame","message":"compact frame parsed","timestamp":17979,"data":{"avail":-1,"rxLen":10,"hdr2451":-1,"hdr2417":0,"tail2451":-1,"tail2417":-1,"payloadLen":10,"parsedCount":1}}
{"sessionId":"e9412c","runId":"post-fix","hypothesisId":"verify","location":"handleCompactFrame","message":"compact frame parsed","timestamp":18048,"data":{"avail":-1,"rxLen":10,"hdr2451":-1,"hdr2417":0,"tail2451":-1,"tail2417":-1,"payloadLen":10,"parsedCount":1}}
{"sessionId":"e9412c","runId":"post-fix","hypothesisId":"verify","location":"handleCompactFrame","message":"compact frame parsed","timestamp":18113,"data":{"avail":-1,"rxLen":10,"hdr2451":-1,"hdr2417":0,"tail2451":-1,"tail2417":-1,"payloadLen":10,"parsedCount":1}}
{"sessionId":"e9412c","runId":"post-fix","hypothesisId":"verify","location":"handleCompactFrame","message":"compact frame parsed","timestamp":18177,"data":{"avail":-1,"rxLen":10,"hdr2451":-1,"hdr2417":0,"tail2451":-1,"tail2417":-1,"payloadLen":10,"parsedCount":1}}
{"sessionId":"e9412c","runId":"post-fix","hypothesisId":"verify","location":"handleCompactFrame","message":"compact frame parsed","timestamp":18242,"data":{"avail":-1,"rxLen":10,"hdr2451":-1,"hdr2417":0,"tail2451":-1,"tail2417":-1,"payloadLen":10,"parsedCount":1}}
{"sessionId":"e9412c","runId":"post-fix","hypothesisId":"B","location":"pollRadar:scan","message":"serial ingest snapshot","timestamp":18264,"data":{"avail":35,"rxLen":112,"hdr2451":-1,"hdr2417":2,"tail2451":-1,"tail2417":-1,"payloadLen":-1,"parsedCount":-1}}
{"sessionId":"e9412c","runId":"post-fix","hypothesisId":"B","location":"pollRadar:sample","message":"rx buffer sample","timestamp":18298,"data":{"hex":"03 02 AA AA 03 AF 02 76 01 16 04 02 AA AA 03 AF"}}
{"sessionId":"e9412c","runId":"post-fix","hypothesisId":"verify","location":"handleCompactFrame","message":"compact frame parsed","timestamp":18310,"data":{"avail":-1,"rxLen":10,"hdr2451":-1,"hdr2417":0,"tail2451":-1,"tail2417":-1,"payloadLen":10,"parsedCount":1}}
{"sessionId":"e9412c","runId":"post-fix","hypothesisId":"B","location":"pollRadar:scan","message":"serial ingest snapshot","timestamp":18764,"data":{"avail":0,"rxLen":42,"hdr2451":-1,"hdr2417":2,"tail2451":-1,"tail2417":-1,"payloadLen":-1,"parsedCount":-1}}
{"sessionId":"e9412c","runId":"post-fix","hypothesisId":"B","location":"pollRadar:sample","message":"rx buffer sample","timestamp":18797,"data":{"hex":"03 02 AA AA 03 AF 02 7C 01 12 03 02 AA AA 03 AF"}}
{"sessionId":"e9412c","runId":"post-fix","hypothesisId":"B","location":"pollRadar:scan","message":"serial ingest snapshot","timestamp":19264,"data":{"avail":0,"rxLen":42,"hdr2451":-1,"hdr2417":2,"tail2451":-1,"tail2417":-1,"payloadLen":-1,"parsedCount":-1}}
{"sessionId":"e9412c","runId":"post-fix","hypothesisId":"B","location":"pollRadar:sample","message":"rx buffer sample","timestamp":19297,"data":{"hex":"03 02 AA AA 03 AF 02 7C 01 12 03 02 AA AA 03 AF"}}
{"sessionId":"e9412c","runId":"post-fix","hypothesisId":"B","location":"pollRadar:scan","message":"serial ingest snapshot","timestamp":19764,"data":{"avail":0,"rxLen":42,"hdr2451":-1,"hdr2417":2,"tail2451":-1,"tail2417":-1,"payloadLen":-1,"parsedCount":-1}}
{"sessionId":"e9412c","runId":"post-fix","hypothesisId":"B","location":"pollRadar:sample","message":"rx buffer sample","timestamp":19797,"data":{"hex":"03 02 AA AA 03 AF 02 7C 01 12 03 02 AA AA 03 AF"}}
{"sessionId":"e9412c","runId":"post-fix","hypothesisId":"B","location":"pollRadar:scan","message":"serial ingest snapshot","timestamp":20264,"data":{"avail":0,"rxLen":42,"hdr2451":-1,"hdr2417":2,"tail2451":-1,"tail2417":-1,"payloadLen":-1,"parsedCount":-1}}
{"sessionId":"e9412c","runId":"post-fix","hypothesisId":"B","location":"pollRadar:sample","message":"rx buffer sample","timestamp":20297,"data":{"hex":"03 02 AA AA 03 AF 02 7C 01 12 03 02 AA AA 03 AF"}}
{"sessionId":"e9412c","runId":"post-fix","hypothesisId":"B","location":"pollRadar:scan","message":"serial ingest snapshot","timestamp":20764,"data":{"avail":0,"rxLen":42,"hdr2451":-1,"hdr2417":2,"tail2451":-1,"tail2417":-1,"payloadLen":-1,"parsedCount":-1}}
{"sessionId":"e9412c","runId":"post-fix","hypothesisId":"B","location":"pollRadar:sample","message":"rx buffer sample","timestamp":20797,"data":{"hex":"03 02 AA AA 03 AF 02 7C 01 12 03 02 AA AA 03 AF"}}
{"sessionId":"e9412c","runId":"post-fix","hypothesisId":"B","location":"pollRadar:scan","message":"serial ingest snapshot","timestamp":21264,"data":{"avail":0,"rxLen":42,"hdr2451":-1,"hdr2417":2,"tail2451":-1,"tail2417":-1,"payloadLen":-1,"parsedCount":-1}}
{"sessionId":"e9412c","runId":"post-fix","hypothesisId":"B","location":"pollRadar:sample","message":"rx buffer sample","timestamp":21297,"data":{"hex":"03 02 AA AA 03 AF 02 7C 01 12 03 02 AA AA 03 AF"}}
{"sessionId":"e9412c","runId":"post-fix","hypothesisId":"verify","location":"handleCompactFrame","message":"compact frame parsed","timestamp":5019,"data":{"avail":-1,"rxLen":10,"hdr2451":-1,"hdr2417":0,"tail2451":-1,"tail2417":-1,"payloadLen":10,"parsedCount":1}}
{"sessionId":"e9412c","runId":"post-fix","hypothesisId":"B","location":"pollRadar:scan","message":"serial ingest snapshot","timestamp":5042,"data":{"avail":0,"rxLen":10,"hdr2451":-1,"hdr2417":0,"tail2451":-1,"tail2417":-1,"payloadLen":-1,"parsedCount":-1}}
{"sessionId":"e9412c","runId":"post-fix","hypothesisId":"B","location":"pollRadar:sample","message":"rx buffer sample","timestamp":5076,"data":{"hex":"AA AA 03 98 02 8A 01 9C 07 02"}}
{"sessionId":"e9412c","runId":"post-fix","hypothesisId":"verify","location":"handleCompactFrame","message":"compact frame parsed","timestamp":5087,"data":{"avail":-1,"rxLen":10,"hdr2451":-1,"hdr2417":0,"tail2451":-1,"tail2417":-1,"payloadLen":10,"parsedCount":1}}
{"sessionId":"e9412c","runId":"post-fix","hypothesisId":"verify","location":"handleCompactFrame","message":"compact frame parsed","timestamp":5153,"data":{"avail":-1,"rxLen":10,"hdr2451":-1,"hdr2417":0,"tail2451":-1,"tail2417":-1,"payloadLen":10,"parsedCount":1}}
{"sessionId":"e9412c","runId":"post-fix","hypothesisId":"verify","location":"handleCompactFrame","message":"compact frame parsed","timestamp":5215,"data":{"avail":-1,"rxLen":10,"hdr2451":-1,"hdr2417":0,"tail2451":-1,"tail2417":-1,"payloadLen":10,"parsedCount":1}}
{"sessionId":"e9412c","runId":"post-fix","hypothesisId":"verify","location":"handleCompactFrame","message":"compact frame parsed","timestamp":5284,"data":{"avail":-1,"rxLen":10,"hdr2451":-1,"hdr2417":0,"tail2451":-1,"tail2417":-1,"payloadLen":10,"parsedCount":1}}
{"sessionId":"e9412c","runId":"post-fix","hypothesisId":"verify","location":"handleCompactFrame","message":"compact frame parsed","timestamp":5354,"data":{"avail":-1,"rxLen":10,"hdr2451":-1,"hdr2417":0,"tail2451":-1,"tail2417":-1,"payloadLen":10,"parsedCount":1}}
{"sessionId":"e9412c","runId":"post-fix","hypothesisId":"verify","location":"handleCompactFrame","message":"compact frame parsed","timestamp":5413,"data":{"avail":-1,"rxLen":10,"hdr2451":-1,"hdr2417":0,"tail2451":-1,"tail2417":-1,"payloadLen":10,"parsedCount":1}}
{"sessionId":"e9412c","runId":"post-fix","hypothesisId":"verify","location":"handleCompactFrame","message":"compact frame parsed","timestamp":5485,"data":{"avail":-1,"rxLen":10,"hdr2451":-1,"hdr2417":0,"tail2451":-1,"tail2417":-1,"payloadLen":10,"parsedCount":1}}
{"sessionId":"e9412c","runId":"post-fix","hypothesisId":"B","location":"pollRadar:scan","message":"serial ingest snapshot","timestamp":5542,"data":{"avail":0,"rxLen":80,"hdr2451":-1,"hdr2417":0,"tail2451":-1,"tail2417":-1,"payloadLen":-1,"parsedCount":-1}}
{"sessionId":"e9412c","runId":"post-fix","hypothesisId":"B","location":"pollRadar:sample","message":"rx buffer sample","timestamp":5575,"data":{"hex":"AA AA 03 98 02 8A 01 9C 07 02 AA AA 03 98 02 71"}}
{"sessionId":"e9412c","runId":"post-fix","hypothesisId":"verify","location":"handleCompactFrame","message":"compact frame parsed","timestamp":5576,"data":{"avail":-1,"rxLen":10,"hdr2451":-1,"hdr2417":0,"tail2451":-1,"tail2417":-1,"payloadLen":10,"parsedCount":1}}
{"sessionId":"e9412c","runId":"post-fix","hypothesisId":"verify","location":"handleCompactFrame","message":"compact frame parsed","timestamp":5610,"data":{"avail":-1,"rxLen":10,"hdr2451":-1,"hdr2417":0,"tail2451":-1,"tail2417":-1,"payloadLen":10,"parsedCount":1}}
{"sessionId":"e9412c","runId":"post-fix","hypothesisId":"verify","location":"handleCompactFrame","message":"compact frame parsed","timestamp":5670,"data":{"avail":-1,"rxLen":10,"hdr2451":-1,"hdr2417":0,"tail2451":-1,"tail2417":-1,"payloadLen":10,"parsedCount":1}}
{"sessionId":"e9412c","runId":"post-fix","hypothesisId":"verify","location":"handleCompactFrame","message":"compact frame parsed","timestamp":5739,"data":{"avail":-1,"rxLen":10,"hdr2451":-1,"hdr2417":0,"tail2451":-1,"tail2417":-1,"payloadLen":10,"parsedCount":1}}
{"sessionId":"e9412c","runId":"post-fix","hypothesisId":"verify","location":"handleCompactFrame","message":"compact frame parsed","timestamp":5806,"data":{"avail":-1,"rxLen":10,"hdr2451":-1,"hdr2417":0,"tail2451":-1,"tail2417":-1,"payloadLen":10,"parsedCount":1}}
{"sessionId":"e9412c","runId":"post-fix","hypothesisId":"verify","location":"handleCompactFrame","message":"compact frame parsed","timestamp":5870,"data":{"avail":-1,"rxLen":10,"hdr2451":-1,"hdr2417":0,"tail2451":-1,"tail2417":-1,"payloadLen":10,"parsedCount":1}}
{"sessionId":"e9412c","runId":"post-fix","hypothesisId":"verify","location":"handleCompactFrame","message":"compact frame parsed","timestamp":5923,"data":{"avail":-1,"rxLen":10,"hdr2451":-1,"hdr2417":0,"tail2451":-1,"tail2417":-1,"payloadLen":10,"parsedCount":1}}
{"sessionId":"e9412c","runId":"post-fix","hypothesisId":"verify","location":"handleCompactFrame","message":"compact frame parsed","timestamp":5992,"data":{"avail":-1,"rxLen":10,"hdr2451":-1,"hdr2417":0,"tail2451":-1,"tail2417":-1,"payloadLen":10,"parsedCount":1}}
{"sessionId":"e9412c","runId":"post-fix","hypothesisId":"B","location":"pollRadar:scan","message":"serial ingest snapshot","timestamp":6042,"data":{"avail":0,"rxLen":112,"hdr2451":-1,"hdr2417":2,"tail2451":-1,"tail2417":-1,"payloadLen":-1,"parsedCount":-1}}
{"sessionId":"e9412c","runId":"post-fix","hypothesisId":"B","location":"pollRadar:sample","message":"rx buffer sample","timestamp":6075,"data":{"hex":"09 02 AA AA 05 98 02 3D 01 80 08 02 AA AA 04 94"}}
{"sessionId":"e9412c","runId":"post-fix","hypothesisId":"verify","location":"handleCompactFrame","message":"compact frame parsed","timestamp":6076,"data":{"avail":-1,"rxLen":10,"hdr2451":-1,"hdr2417":0,"tail2451":-1,"tail2417":-1,"payloadLen":10,"parsedCount":1}}
{"sessionId":"e9412c","runId":"post-fix","hypothesisId":"verify","location":"handleCompactFrame","message":"compact frame parsed","timestamp":6132,"data":{"avail":-1,"rxLen":10,"hdr2451":-1,"hdr2417":0,"tail2451":-1,"tail2417":-1,"payloadLen":10,"parsedCount":1}}
{"sessionId":"e9412c","runId":"post-fix","hypothesisId":"verify","location":"handleCompactFrame","message":"compact frame parsed","timestamp":6201,"data":{"avail":-1,"rxLen":10,"hdr2451":-1,"hdr2417":0,"tail2451":-1,"tail2417":-1,"payloadLen":10,"parsedCount":1}}
{"sessionId":"e9412c","runId":"post-fix","hypothesisId":"verify","location":"handleCompactFrame","message":"compact frame parsed","timestamp":6261,"data":{"avail":-1,"rxLen":10,"hdr2451":-1,"hdr2417":0,"tail2451":-1,"tail2417":-1,"payloadLen":10,"parsedCount":1}}
{"sessionId":"e9412c","runId":"post-fix","hypothesisId":"verify","location":"handleCompactFrame","message":"compact frame parsed","timestamp":6326,"data":{"avail":-1,"rxLen":10,"hdr2451":-1,"hdr2417":0,"tail2451":-1,"tail2417":-1,"payloadLen":10,"parsedCount":1}}
{"sessionId":"e9412c","runId":"post-fix","hypothesisId":"verify","location":"handleCompactFrame","message":"compact frame parsed","timestamp":6391,"data":{"avail":-1,"rxLen":10,"hdr2451":-1,"hdr2417":0,"tail2451":-1,"tail2417":-1,"payloadLen":10,"parsedCount":1}}
{"sessionId":"e9412c","runId":"post-fix","hypothesisId":"verify","location":"handleCompactFrame","message":"compact frame parsed","timestamp":6447,"data":{"avail":-1,"rxLen":10,"hdr2451":-1,"hdr2417":0,"tail2451":-1,"tail2417":-1,"payloadLen":10,"parsedCount":1}}
{"sessionId":"e9412c","runId":"post-fix","hypothesisId":"verify","location":"handleCompactFrame","message":"compact frame parsed","timestamp":6508,"data":{"avail":-1,"rxLen":10,"hdr2451":-1,"hdr2417":0,"tail2451":-1,"tail2417":-1,"payloadLen":10,"parsedCount":1}}
{"sessionId":"e9412c","runId":"post-fix","hypothesisId":"B","location":"pollRadar:scan","message":"serial ingest snapshot","timestamp":6542,"data":{"avail":0,"rxLen":112,"hdr2451":-1,"hdr2417":2,"tail2451":-1,"tail2417":-1,"payloadLen":-1,"parsedCount":-1}}
{"sessionId":"e9412c","runId":"post-fix","hypothesisId":"B","location":"pollRadar:sample","message":"rx buffer sample","timestamp":6575,"data":{"hex":"04 02 AA AA 04 C4 02 32 01 A8 04 00 AA AA 01 D0"}}
{"sessionId":"e9412c","runId":"post-fix","hypothesisId":"verify","location":"handleCompactFrame","message":"compact frame parsed","timestamp":6576,"data":{"avail":-1,"rxLen":10,"hdr2451":-1,"hdr2417":0,"tail2451":-1,"tail2417":-1,"payloadLen":10,"parsedCount":1}}
{"sessionId":"e9412c","runId":"post-fix","hypothesisId":"verify","location":"handleCompactFrame","message":"compact frame parsed","timestamp":6636,"data":{"avail":-1,"rxLen":10,"hdr2451":-1,"hdr2417":0,"tail2451":-1,"tail2417":-1,"payloadLen":10,"parsedCount":1}}
{"sessionId":"e9412c","runId":"post-fix","hypothesisId":"verify","location":"handleCompactFrame","message":"compact frame parsed","timestamp":6704,"data":{"avail":-1,"rxLen":10,"hdr2451":-1,"hdr2417":0,"tail2451":-1,"tail2417":-1,"payloadLen":10,"parsedCount":1}}
{"sessionId":"e9412c","runId":"post-fix","hypothesisId":"verify","location":"handleCompactFrame","message":"compact frame parsed","timestamp":6767,"data":{"avail":-1,"rxLen":10,"hdr2451":-1,"hdr2417":0,"tail2451":-1,"tail2417":-1,"payloadLen":10,"parsedCount":1}}
{"sessionId":"e9412c","runId":"post-fix","hypothesisId":"B","location":"pollRadar:scan","message":"serial ingest snapshot","timestamp":7042,"data":{"avail":0,"rxLen":92,"hdr2451":-1,"hdr2417":2,"tail2451":-1,"tail2417":75,"payloadLen":-1,"parsedCount":-1}}
{"sessionId":"e9412c","runId":"post-fix","hypothesisId":"B","location":"pollRadar:sample","message":"rx buffer sample","timestamp":7075,"data":{"hex":"07 00 AA AA 05 98 02 35 01 24 07 00 AA AA 03 F3"}}
{"sessionId":"e9412c","runId":"post-fix","hypothesisId":"B","location":"pollRadar:scan","message":"serial ingest snapshot","timestamp":7542,"data":{"avail":0,"rxLen":67,"hdr2451":-1,"hdr2417":2,"tail2451":-1,"tail2417":15,"payloadLen":-1,"parsedCount":-1}}
{"sessionId":"e9412c","runId":"post-fix","hypothesisId":"B","location":"pollRadar:sample","message":"rx buffer sample","timestamp":7575,"data":{"hex":"03 00 AA AA 01 25 02 72 01 9A 04 02 AA AA 00 55"}}
{"sessionId":"e9412c","runId":"post-fix","hypothesisId":"verify","location":"handleCompactFrame","message":"compact frame parsed","timestamp":7809,"data":{"avail":-1,"rxLen":10,"hdr2451":-1,"hdr2417":0,"tail2451":-1,"tail2417":-1,"payloadLen":10,"parsedCount":1}}
{"sessionId":"e9412c","runId":"post-fix","hypothesisId":"verify","location":"handleCompactFrame","message":"compact frame parsed","timestamp":7874,"data":{"avail":-1,"rxLen":10,"hdr2451":-1,"hdr2417":0,"tail2451":-1,"tail2417":-1,"payloadLen":10,"parsedCount":1}}
{"sessionId":"e9412c","runId":"post-fix","hypothesisId":"verify","location":"handleCompactFrame","message":"compact frame parsed","timestamp":7939,"data":{"avail":-1,"rxLen":10,"hdr2451":-1,"hdr2417":0,"tail2451":-1,"tail2417":-1,"payloadLen":10,"parsedCount":1}}
{"sessionId":"e9412c","runId":"post-fix","hypothesisId":"verify","location":"handleCompactFrame","message":"compact frame parsed","timestamp":8005,"data":{"avail":-1,"rxLen":10,"hdr2451":-1,"hdr2417":0,"tail2451":-1,"tail2417":-1,"payloadLen":10,"parsedCount":1}}
{"sessionId":"e9412c","runId":"post-fix","hypothesisId":"B","location":"pollRadar:scan","message":"serial ingest snapshot","timestamp":8042,"data":{"avail":0,"rxLen":92,"hdr2451":-1,"hdr2417":2,"tail2451":-1,"tail2417":5,"payloadLen":-1,"parsedCount":-1}}
{"sessionId":"e9412c","runId":"post-fix","hypothesisId":"B","location":"pollRadar:sample","message":"rx buffer sample","timestamp":8075,"data":{"hex":"55 55 AA AA 00 55 55 AA AA 00 55 55 AA AA 00 55"}}
{"sessionId":"e9412c","runId":"post-fix","hypothesisId":"verify","location":"handleCompactFrame","message":"compact frame parsed","timestamp":8076,"data":{"avail":-1,"rxLen":10,"hdr2451":-1,"hdr2417":0,"tail2451":-1,"tail2417":-1,"payloadLen":10,"parsedCount":1}}
{"sessionId":"e9412c","runId":"post-fix","hypothesisId":"verify","location":"handleCompactFrame","message":"compact frame parsed","timestamp":8139,"data":{"avail":-1,"rxLen":10,"hdr2451":-1,"hdr2417":0,"tail2451":-1,"tail2417":-1,"payloadLen":10,"parsedCount":1}}
{"sessionId":"e9412c","runId":"post-fix","hypothesisId":"verify","location":"handleCompactFrame","message":"compact frame parsed","timestamp":8205,"data":{"avail":-1,"rxLen":10,"hdr2451":-1,"hdr2417":0,"tail2451":-1,"tail2417":-1,"payloadLen":10,"parsedCount":1}}
{"sessionId":"e9412c","runId":"post-fix","hypothesisId":"verify","location":"handleCompactFrame","message":"compact frame parsed","timestamp":8335,"data":{"avail":-1,"rxLen":10,"hdr2451":-1,"hdr2417":0,"tail2451":-1,"tail2417":-1,"payloadLen":10,"parsedCount":1}}
{"sessionId":"e9412c","runId":"post-fix","hypothesisId":"verify","location":"handleCompactFrame","message":"compact frame parsed","timestamp":8401,"data":{"avail":-1,"rxLen":10,"hdr2451":-1,"hdr2417":0,"tail2451":-1,"tail2417":-1,"payloadLen":10,"parsedCount":1}}
{"sessionId":"e9412c","runId":"post-fix","hypothesisId":"verify","location":"handleCompactFrame","message":"compact frame parsed","timestamp":8469,"data":{"avail":-1,"rxLen":10,"hdr2451":-1,"hdr2417":0,"tail2451":-1,"tail2417":-1,"payloadLen":10,"parsedCount":1}}
{"sessionId":"e9412c","runId":"post-fix","hypothesisId":"verify","location":"handleCompactFrame","message":"compact frame parsed","timestamp":8531,"data":{"avail":-1,"rxLen":10,"hdr2451":-1,"hdr2417":0,"tail2451":-1,"tail2417":-1,"payloadLen":10,"parsedCount":1}}
{"sessionId":"e9412c","runId":"post-fix","hypothesisId":"B","location":"pollRadar:scan","message":"serial ingest snapshot","timestamp":8554,"data":{"avail":0,"rxLen":107,"hdr2451":-1,"hdr2417":2,"tail2451":-1,"tail2417":65,"payloadLen":-1,"parsedCount":-1}}
{"sessionId":"e9412c","runId":"post-fix","hypothesisId":"B","location":"pollRadar:sample","message":"rx buffer sample","timestamp":8587,"data":{"hex":"09 02 AA AA 01 61 02 40 01 72 09 02 AA AA 01 62"}}
{"sessionId":"e9412c","runId":"post-fix","hypothesisId":"verify","location":"handleCompactFrame","message":"compact frame parsed","timestamp":8599,"data":{"avail":-1,"rxLen":10,"hdr2451":-1,"hdr2417":0,"tail2451":-1,"tail2417":-1,"payloadLen":10,"parsedCount":1}}
{"sessionId":"e9412c","runId":"post-fix","hypothesisId":"verify","location":"handleCompactFrame","message":"compact frame parsed","timestamp":8660,"data":{"avail":-1,"rxLen":10,"hdr2451":-1,"hdr2417":0,"tail2451":-1,"tail2417":-1,"payloadLen":10,"parsedCount":1}}
{"sessionId":"e9412c","runId":"post-fix","hypothesisId":"verify","location":"handleCompactFrame","message":"compact frame parsed","timestamp":8721,"data":{"avail":-1,"rxLen":10,"hdr2451":-1,"hdr2417":0,"tail2451":-1,"tail2417":-1,"payloadLen":10,"parsedCount":1}}
{"sessionId":"e9412c","runId":"post-fix","hypothesisId":"verify","location":"handleCompactFrame","message":"compact frame parsed","timestamp":8782,"data":{"avail":-1,"rxLen":10,"hdr2451":-1,"hdr2417":0,"tail2451":-1,"tail2417":-1,"payloadLen":10,"parsedCount":1}}
{"sessionId":"e9412c","runId":"post-fix","hypothesisId":"verify","location":"handleCompactFrame","message":"compact frame parsed","timestamp":8850,"data":{"avail":-1,"rxLen":10,"hdr2451":-1,"hdr2417":0,"tail2451":-1,"tail2417":-1,"payloadLen":10,"parsedCount":1}}
{"sessionId":"e9412c","runId":"post-fix","hypothesisId":"verify","location":"handleCompactFrame","message":"compact frame parsed","timestamp":8915,"data":{"avail":-1,"rxLen":10,"hdr2451":-1,"hdr2417":0,"tail2451":-1,"tail2417":-1,"payloadLen":10,"parsedCount":1}}
{"sessionId":"e9412c","runId":"post-fix","hypothesisId":"verify","location":"handleCompactFrame","message":"compact frame parsed","timestamp":8977,"data":{"avail":-1,"rxLen":10,"hdr2451":-1,"hdr2417":0,"tail2451":-1,"tail2417":-1,"payloadLen":10,"parsedCount":1}}
{"sessionId":"e9412c","runId":"post-fix","hypothesisId":"B","location":"pollRadar:scan","message":"serial ingest snapshot","timestamp":9054,"data":{"avail":0,"rxLen":107,"hdr2451":-1,"hdr2417":2,"tail2451":-1,"tail2417":105,"payloadLen":-1,"parsedCount":-1}}
{"sessionId":"e9412c","runId":"post-fix","hypothesisId":"B","location":"pollRadar:sample","message":"rx buffer sample","timestamp":9087,"data":{"hex":"09 02 AA AA 03 61 02 51 01 22 09 02 AA AA 04 61"}}
{"sessionId":"e9412c","runId":"post-fix","hypothesisId":"B","location":"pollRadar:scan","message":"serial ingest snapshot","timestamp":9554,"data":{"avail":0,"rxLen":67,"hdr2451":-1,"hdr2417":7,"tail2451":-1,"tail2417":30,"payloadLen":-1,"parsedCount":-1}}
{"sessionId":"e9412c","runId":"post-fix","hypothesisId":"B","location":"pollRadar:sample","message":"rx buffer sample","timestamp":9587,"data":{"hex":"61 02 96 01 2E 0A 02 AA AA 02 61 02 67 01 2E 0A"}}
{"sessionId":"e9412c","runId":"post-fix","hypothesisId":"B","location":"pollRadar:scan","message":"serial ingest snapshot","timestamp":10054,"data":{"avail":0,"rxLen":72,"hdr2451":-1,"hdr2417":2,"tail2451":-1,"tail2417":5,"payloadLen":-1,"parsedCount":-1}}
{"sessionId":"e9412c","runId":"post-fix","hypothesisId":"B","location":"pollRadar:sample","message":"rx buffer sample","timestamp":10087,"data":{"hex":"55 55 AA AA 00 55 55 AA AA 00 55 55 AA AA 00 55"}}
{"sessionId":"e9412c","runId":"post-fix","hypothesisId":"verify","location":"handleCompactFrame","message":"compact frame parsed","timestamp":10472,"data":{"avail":-1,"rxLen":10,"hdr2451":-1,"hdr2417":0,"tail2451":-1,"tail2417":-1,"payloadLen":10,"parsedCount":1}}
{"sessionId":"e9412c","runId":"post-fix","hypothesisId":"verify","location":"handleCompactFrame","message":"compact frame parsed","timestamp":10541,"data":{"avail":-1,"rxLen":10,"hdr2451":-1,"hdr2417":0,"tail2451":-1,"tail2417":-1,"payloadLen":10,"parsedCount":1}}
{"sessionId":"e9412c","runId":"post-fix","hypothesisId":"B","location":"pollRadar:scan","message":"serial ingest snapshot","timestamp":10563,"data":{"avail":25,"rxLen":82,"hdr2451":-1,"hdr2417":2,"tail2451":-1,"tail2417":5,"payloadLen":-1,"parsedCount":-1}}
{"sessionId":"e9412c","runId":"post-fix","hypothesisId":"B","location":"pollRadar:sample","message":"rx buffer sample","timestamp":10597,"data":{"hex":"55 55 AA AA 00 55 55 AA AA 00 55 55 AA AA 00 55"}}
{"sessionId":"e9412c","runId":"post-fix","hypothesisId":"verify","location":"handleCompactFrame","message":"compact frame parsed","timestamp":10609,"data":{"avail":-1,"rxLen":10,"hdr2451":-1,"hdr2417":0,"tail2451":-1,"tail2417":-1,"payloadLen":10,"parsedCount":1}}
{"sessionId":"e9412c","runId":"post-fix","hypothesisId":"verify","location":"handleCompactFrame","message":"compact frame parsed","timestamp":10667,"data":{"avail":-1,"rxLen":10,"hdr2451":-1,"hdr2417":0,"tail2451":-1,"tail2417":-1,"payloadLen":10,"parsedCount":1}}
{"sessionId":"e9412c","runId":"post-fix","hypothesisId":"verify","location":"handleCompactFrame","message":"compact frame parsed","timestamp":10734,"data":{"avail":-1,"rxLen":10,"hdr2451":-1,"hdr2417":0,"tail2451":-1,"tail2417":-1,"payloadLen":10,"parsedCount":1}}
{"sessionId":"e9412c","runId":"post-fix","hypothesisId":"verify","location":"handleCompactFrame","message":"compact frame parsed","timestamp":10801,"data":{"avail":-1,"rxLen":10,"hdr2451":-1,"hdr2417":0,"tail2451":-1,"tail2417":-1,"payloadLen":10,"parsedCount":1}}
{"sessionId":"e9412c","runId":"post-fix","hypothesisId":"verify","location":"handleCompactFrame","message":"compact frame parsed","timestamp":10869,"data":{"avail":-1,"rxLen":10,"hdr2451":-1,"hdr2417":0,"tail2451":-1,"tail2417":-1,"payloadLen":10,"parsedCount":1}}
{"sessionId":"e9412c","runId":"post-fix","hypothesisId":"verify","location":"handleCompactFrame","message":"compact frame parsed","timestamp":10936,"data":{"avail":-1,"rxLen":10,"hdr2451":-1,"hdr2417":0,"tail2451":-1,"tail2417":-1,"payloadLen":10,"parsedCount":1}}
{"sessionId":"e9412c","runId":"post-fix","hypothesisId":"verify","location":"handleCompactFrame","message":"compact frame parsed","timestamp":11000,"data":{"avail":-1,"rxLen":10,"hdr2451":-1,"hdr2417":0,"tail2451":-1,"tail2417":-1,"payloadLen":10,"parsedCount":1}}
{"sessionId":"e9412c","runId":"post-fix","hypothesisId":"verify","location":"handleCompactFrame","message":"compact frame parsed","timestamp":11058,"data":{"avail":-1,"rxLen":10,"hdr2451":-1,"hdr2417":0,"tail2451":-1,"tail2417":-1,"payloadLen":10,"parsedCount":1}}
{"sessionId":"e9412c","runId":"post-fix","hypothesisId":"B","location":"pollRadar:scan","message":"serial ingest snapshot","timestamp":11080,"data":{"avail":15,"rxLen":112,"hdr2451":-1,"hdr2417":2,"tail2451":-1,"tail2417":5,"payloadLen":-1,"parsedCount":-1}}
{"sessionId":"e9412c","runId":"post-fix","hypothesisId":"B","location":"pollRadar:sample","message":"rx buffer sample","timestamp":11114,"data":{"hex":"55 55 AA AA 00 55 55 AA AA 00 55 55 AA AA 01 F3"}}
{"sessionId":"e9412c","runId":"post-fix","hypothesisId":"verify","location":"handleCompactFrame","message":"compact frame parsed","timestamp":11126,"data":{"avail":-1,"rxLen":10,"hdr2451":-1,"hdr2417":0,"tail2451":-1,"tail2417":-1,"payloadLen":10,"parsedCount":1}}
{"sessionId":"e9412c","runId":"post-fix","hypothesisId":"verify","location":"handleCompactFrame","message":"compact frame parsed","timestamp":11187,"data":{"avail":-1,"rxLen":10,"hdr2451":-1,"hdr2417":0,"tail2451":-1,"tail2417":-1,"payloadLen":10,"parsedCount":1}}
{"sessionId":"e9412c","runId":"post-fix","hypothesisId":"verify","location":"handleCompactFrame","message":"compact frame parsed","timestamp":11253,"data":{"avail":-1,"rxLen":10,"hdr2451":-1,"hdr2417":0,"tail2451":-1,"tail2417":-1,"payloadLen":10,"parsedCount":1}}
{"sessionId":"e9412c","runId":"post-fix","hypothesisId":"verify","location":"handleCompactFrame","message":"compact frame parsed","timestamp":11322,"data":{"avail":-1,"rxLen":10,"hdr2451":-1,"hdr2417":0,"tail2451":-1,"tail2417":-1,"payloadLen":10,"parsedCount":1}}
{"sessionId":"e9412c","runId":"post-fix","hypothesisId":"verify","location":"handleCompactFrame","message":"compact frame parsed","timestamp":11387,"data":{"avail":-1,"rxLen":10,"hdr2451":-1,"hdr2417":0,"tail2451":-1,"tail2417":-1,"payloadLen":10,"parsedCount":1}}
{"sessionId":"e9412c","runId":"post-fix","hypothesisId":"verify","location":"handleCompactFrame","message":"compact frame parsed","timestamp":11447,"data":{"avail":-1,"rxLen":10,"hdr2451":-1,"hdr2417":0,"tail2451":-1,"tail2417":-1,"payloadLen":10,"parsedCount":1}}
{"sessionId":"e9412c","runId":"post-fix","hypothesisId":"verify","location":"handleCompactFrame","message":"compact frame parsed","timestamp":11513,"data":{"avail":-1,"rxLen":10,"hdr2451":-1,"hdr2417":0,"tail2451":-1,"tail2417":-1,"payloadLen":10,"parsedCount":1}}
{"sessionId":"e9412c","runId":"post-fix","hypothesisId":"verify","location":"handleCompactFrame","message":"compact frame parsed","timestamp":11578,"data":{"avail":-1,"rxLen":10,"hdr2451":-1,"hdr2417":0,"tail2451":-1,"tail2417":-1,"payloadLen":10,"parsedCount":1}}
{"sessionId":"e9412c","runId":"post-fix","hypothesisId":"B","location":"pollRadar:scan","message":"serial ingest snapshot","timestamp":11600,"data":{"avail":15,"rxLen":112,"hdr2451":-1,"hdr2417":2,"tail2451":-1,"tail2417":-1,"payloadLen":-1,"parsedCount":-1}}
{"sessionId":"e9412c","runId":"post-fix","hypothesisId":"B","location":"pollRadar:sample","message":"rx buffer sample","timestamp":11634,"data":{"hex":"02 02 AA AA 03 F7 02 4D 01 DC 02 02 AA AA 03 F7"}}
{"sessionId":"e9412c","runId":"post-fix","hypothesisId":"verify","location":"handleCompactFrame","message":"compact frame parsed","timestamp":11646,"data":{"avail":-1,"rxLen":10,"hdr2451":-1,"hdr2417":0,"tail2451":-1,"tail2417":-1,"payloadLen":10,"parsedCount":1}}
{"sessionId":"e9412c","runId":"post-fix","hypothesisId":"verify","location":"handleCompactFrame","message":"compact frame parsed","timestamp":11715,"data":{"avail":-1,"rxLen":10,"hdr2451":-1,"hdr2417":0,"tail2451":-1,"tail2417":-1,"payloadLen":10,"parsedCount":1}}
{"sessionId":"e9412c","runId":"post-fix","hypothesisId":"verify","location":"handleCompactFrame","message":"compact frame parsed","timestamp":11779,"data":{"avail":-1,"rxLen":10,"hdr2451":-1,"hdr2417":0,"tail2451":-1,"tail2417":-1,"payloadLen":10,"parsedCount":1}}
{"sessionId":"e9412c","runId":"post-fix","hypothesisId":"verify","location":"handleCompactFrame","message":"compact frame parsed","timestamp":11848,"data":{"avail":-1,"rxLen":10,"hdr2451":-1,"hdr2417":0,"tail2451":-1,"tail2417":-1,"payloadLen":10,"parsedCount":1}}
{"sessionId":"e9412c","runId":"post-fix","hypothesisId":"verify","location":"handleCompactFrame","message":"compact frame parsed","timestamp":11907,"data":{"avail":-1,"rxLen":10,"hdr2451":-1,"hdr2417":0,"tail2451":-1,"tail2417":-1,"payloadLen":10,"parsedCount":1}}
{"sessionId":"e9412c","runId":"post-fix","hypothesisId":"verify","location":"handleCompactFrame","message":"compact frame parsed","timestamp":11975,"data":{"avail":-1,"rxLen":10,"hdr2451":-1,"hdr2417":0,"tail2451":-1,"tail2417":-1,"payloadLen":10,"parsedCount":1}}
{"sessionId":"e9412c","runId":"post-fix","hypothesisId":"verify","location":"handleCompactFrame","message":"compact frame parsed","timestamp":12038,"data":{"avail":-1,"rxLen":10,"hdr2451":-1,"hdr2417":0,"tail2451":-1,"tail2417":-1,"payloadLen":10,"parsedCount":1}}
{"sessionId":"e9412c","runId":"post-fix","hypothesisId":"B","location":"pollRadar:scan","message":"serial ingest snapshot","timestamp":12100,"data":{"avail":0,"rxLen":102,"hdr2451":-1,"hdr2417":2,"tail2451":-1,"tail2417":-1,"payloadLen":-1,"parsedCount":-1}}
{"sessionId":"e9412c","runId":"post-fix","hypothesisId":"B","location":"pollRadar:sample","message":"rx buffer sample","timestamp":12133,"data":{"hex":"02 02 AA AA 01 F7 02 46 01 38 02 02 AA AA 01 F7"}}
{"sessionId":"e9412c","runId":"post-fix","hypothesisId":"verify","location":"handleCompactFrame","message":"compact frame parsed","timestamp":12134,"data":{"avail":-1,"rxLen":10,"hdr2451":-1,"hdr2417":0,"tail2451":-1,"tail2417":-1,"payloadLen":10,"parsedCount":1}}
{"sessionId":"e9412c","runId":"post-fix","hypothesisId":"verify","location":"handleCompactFrame","message":"compact frame parsed","timestamp":12172,"data":{"avail":-1,"rxLen":10,"hdr2451":-1,"hdr2417":0,"tail2451":-1,"tail2417":-1,"payloadLen":10,"parsedCount":1}}
{"sessionId":"e9412c","runId":"post-fix","hypothesisId":"verify","location":"handleCompactFrame","message":"compact frame parsed","timestamp":12237,"data":{"avail":-1,"rxLen":10,"hdr2451":-1,"hdr2417":0,"tail2451":-1,"tail2417":-1,"payloadLen":10,"parsedCount":1}}
{"sessionId":"e9412c","runId":"post-fix","hypothesisId":"verify","location":"handleCompactFrame","message":"compact frame parsed","timestamp":12299,"data":{"avail":-1,"rxLen":10,"hdr2451":-1,"hdr2417":0,"tail2451":-1,"tail2417":-1,"payloadLen":10,"parsedCount":1}}
{"sessionId":"e9412c","runId":"post-fix","hypothesisId":"verify","location":"handleCompactFrame","message":"compact frame parsed","timestamp":12362,"data":{"avail":-1,"rxLen":10,"hdr2451":-1,"hdr2417":0,"tail2451":-1,"tail2417":-1,"payloadLen":10,"parsedCount":1}}
{"sessionId":"e9412c","runId":"post-fix","hypothesisId":"verify","location":"handleCompactFrame","message":"compact frame parsed","timestamp":12429,"data":{"avail":-1,"rxLen":10,"hdr2451":-1,"hdr2417":0,"tail2451":-1,"tail2417":-1,"payloadLen":10,"parsedCount":1}}
{"sessionId":"e9412c","runId":"post-fix","hypothesisId":"verify","location":"handleCompactFrame","message":"compact frame parsed","timestamp":12487,"data":{"avail":-1,"rxLen":10,"hdr2451":-1,"hdr2417":0,"tail2451":-1,"tail2417":-1,"payloadLen":10,"parsedCount":1}}
{"sessionId":"e9412c","runId":"post-fix","hypothesisId":"verify","location":"handleCompactFrame","message":"compact frame parsed","timestamp":12552,"data":{"avail":-1,"rxLen":10,"hdr2451":-1,"hdr2417":0,"tail2451":-1,"tail2417":-1,"payloadLen":10,"parsedCount":1}}
{"sessionId":"e9412c","runId":"post-fix","hypothesisId":"B","location":"pollRadar:scan","message":"serial ingest snapshot","timestamp":12600,"data":{"avail":0,"rxLen":112,"hdr2451":-1,"hdr2417":2,"tail2451":-1,"tail2417":-1,"payloadLen":-1,"parsedCount":-1}}
{"sessionId":"e9412c","runId":"post-fix","hypothesisId":"B","location":"pollRadar:sample","message":"rx buffer sample","timestamp":12633,"data":{"hex":"02 02 AA AA 03 16 02 81 01 EF 02 00 AA AA 04 16"}}
{"sessionId":"e9412c","runId":"post-fix","hypothesisId":"verify","location":"handleCompactFrame","message":"compact frame parsed","timestamp":12634,"data":{"avail":-1,"rxLen":10,"hdr2451":-1,"hdr2417":0,"tail2451":-1,"tail2417":-1,"payloadLen":10,"parsedCount":1}}
{"sessionId":"e9412c","runId":"post-fix","hypothesisId":"verify","location":"handleCompactFrame","message":"compact frame parsed","timestamp":12681,"data":{"avail":-1,"rxLen":10,"hdr2451":-1,"hdr2417":0,"tail2451":-1,"tail2417":-1,"payloadLen":10,"parsedCount":1}}
{"sessionId":"e9412c","runId":"post-fix","hypothesisId":"verify","location":"handleCompactFrame","message":"compact frame parsed","timestamp":12750,"data":{"avail":-1,"rxLen":10,"hdr2451":-1,"hdr2417":0,"tail2451":-1,"tail2417":-1,"payloadLen":10,"parsedCount":1}}
{"sessionId":"e9412c","runId":"post-fix","hypothesisId":"verify","location":"handleCompactFrame","message":"compact frame parsed","timestamp":12814,"data":{"avail":-1,"rxLen":10,"hdr2451":-1,"hdr2417":0,"tail2451":-1,"tail2417":-1,"payloadLen":10,"parsedCount":1}}
{"sessionId":"e9412c","runId":"post-fix","hypothesisId":"verify","location":"handleCompactFrame","message":"compact frame parsed","timestamp":12878,"data":{"avail":-1,"rxLen":10,"hdr2451":-1,"hdr2417":0,"tail2451":-1,"tail2417":-1,"payloadLen":10,"parsedCount":1}}
{"sessionId":"e9412c","runId":"post-fix","hypothesisId":"verify","location":"handleCompactFrame","message":"compact frame parsed","timestamp":12943,"data":{"avail":-1,"rxLen":10,"hdr2451":-1,"hdr2417":0,"tail2451":-1,"tail2417":-1,"payloadLen":10,"parsedCount":1}}
{"sessionId":"e9412c","runId":"post-fix","hypothesisId":"B","location":"pollRadar:scan","message":"serial ingest snapshot","timestamp":13100,"data":{"avail":0,"rxLen":102,"hdr2451":-1,"hdr2417":2,"tail2451":-1,"tail2417":95,"payloadLen":-1,"parsedCount":-1}}
{"sessionId":"e9412c","runId":"post-fix","hypothesisId":"B","location":"pollRadar:sample","message":"rx buffer sample","timestamp":13133,"data":{"hex":"07 02 AA AA 03 16 02 41 01 7E 07 00 AA AA 01 50"}}
{"sessionId":"e9412c","runId":"post-fix","hypothesisId":"verify","location":"handleCompactFrame","message":"compact frame parsed","timestamp":13137,"data":{"avail":-1,"rxLen":10,"hdr2451":-1,"hdr2417":0,"tail2451":-1,"tail2417":-1,"payloadLen":10,"parsedCount":1}}
{"sessionId":"e9412c","runId":"post-fix","hypothesisId":"verify","location":"handleCompactFrame","message":"compact frame parsed","timestamp":13205,"data":{"avail":-1,"rxLen":10,"hdr2451":-1,"hdr2417":0,"tail2451":-1,"tail2417":-1,"payloadLen":10,"parsedCount":1}}
{"sessionId":"e9412c","runId":"post-fix","hypothesisId":"B","location":"pollRadar:scan","message":"serial ingest snapshot","timestamp":13600,"data":{"avail":0,"rxLen":82,"hdr2451":-1,"hdr2417":2,"tail2451":-1,"tail2417":25,"payloadLen":-1,"parsedCount":-1}}
{"sessionId":"e9412c","runId":"post-fix","hypothesisId":"B","location":"pollRadar:sample","message":"rx buffer sample","timestamp":13633,"data":{"hex":"03 00 AA AA 01 50 01 43 02 33 03 00 AA AA 01 50"}}
{"sessionId":"e9412c","runId":"post-fix","hypothesisId":"B","location":"pollRadar:scan","message":"serial ingest snapshot","timestamp":14100,"data":{"avail":0,"rxLen":67,"hdr2451":-1,"hdr2417":2,"tail2451":-1,"tail2417":5,"payloadLen":-1,"parsedCount":-1}}
{"sessionId":"e9412c","runId":"post-fix","hypothesisId":"B","location":"pollRadar:sample","message":"rx buffer sample","timestamp":14133,"data":{"hex":"08 02 AA AA 00 55 55 AA AA 00 55 55 AA AA 00 55"}}
{"sessionId":"e9412c","runId":"post-fix","hypothesisId":"verify","location":"handleCompactFrame","message":"compact frame parsed","timestamp":14308,"data":{"avail":-1,"rxLen":10,"hdr2451":-1,"hdr2417":0,"tail2451":-1,"tail2417":-1,"payloadLen":10,"parsedCount":1}}
{"sessionId":"e9412c","runId":"post-fix","hypothesisId":"verify","location":"handleCompactFrame","message":"compact frame parsed","timestamp":14373,"data":{"avail":-1,"rxLen":10,"hdr2451":-1,"hdr2417":0,"tail2451":-1,"tail2417":-1,"payloadLen":10,"parsedCount":1}}
{"sessionId":"e9412c","runId":"post-fix","hypothesisId":"verify","location":"handleCompactFrame","message":"compact frame parsed","timestamp":14440,"data":{"avail":-1,"rxLen":10,"hdr2451":-1,"hdr2417":0,"tail2451":-1,"tail2417":-1,"payloadLen":10,"parsedCount":1}}
{"sessionId":"e9412c","runId":"post-fix","hypothesisId":"verify","location":"handleCompactFrame","message":"compact frame parsed","timestamp":14505,"data":{"avail":-1,"rxLen":10,"hdr2451":-1,"hdr2417":0,"tail2451":-1,"tail2417":-1,"payloadLen":10,"parsedCount":1}}
{"sessionId":"e9412c","runId":"post-fix","hypothesisId":"verify","location":"handleCompactFrame","message":"compact frame parsed","timestamp":14569,"data":{"avail":-1,"rxLen":10,"hdr2451":-1,"hdr2417":0,"tail2451":-1,"tail2417":-1,"payloadLen":10,"parsedCount":1}}
{"sessionId":"e9412c","runId":"post-fix","hypothesisId":"B","location":"pollRadar:scan","message":"serial ingest snapshot","timestamp":14600,"data":{"avail":0,"rxLen":97,"hdr2451":-1,"hdr2417":2,"tail2451":-1,"tail2417":5,"payloadLen":-1,"parsedCount":-1}}
{"sessionId":"e9412c","runId":"post-fix","hypothesisId":"B","location":"pollRadar:sample","message":"rx buffer sample","timestamp":14633,"data":{"hex":"55 55 AA AA 00 55 55 AA AA 00 55 55 AA AA 00 55"}}
{"sessionId":"e9412c","runId":"post-fix","hypothesisId":"verify","location":"handleCompactFrame","message":"compact frame parsed","timestamp":14634,"data":{"avail":-1,"rxLen":10,"hdr2451":-1,"hdr2417":0,"tail2451":-1,"tail2417":-1,"payloadLen":10,"parsedCount":1}}
{"sessionId":"e9412c","runId":"post-fix","hypothesisId":"verify","location":"handleCompactFrame","message":"compact frame parsed","timestamp":14700,"data":{"avail":-1,"rxLen":10,"hdr2451":-1,"hdr2417":0,"tail2451":-1,"tail2417":-1,"payloadLen":10,"parsedCount":1}}
{"sessionId":"e9412c","runId":"post-fix","hypothesisId":"verify","location":"handleCompactFrame","message":"compact frame parsed","timestamp":14764,"data":{"avail":-1,"rxLen":10,"hdr2451":-1,"hdr2417":0,"tail2451":-1,"tail2417":-1,"payloadLen":10,"parsedCount":1}}
{"sessionId":"e9412c","runId":"post-fix","hypothesisId":"verify","location":"handleCompactFrame","message":"compact frame parsed","timestamp":14827,"data":{"avail":-1,"rxLen":10,"hdr2451":-1,"hdr2417":0,"tail2451":-1,"tail2417":-1,"payloadLen":10,"parsedCount":1}}
{"sessionId":"e9412c","runId":"post-fix","hypothesisId":"verify","location":"handleCompactFrame","message":"compact frame parsed","timestamp":14894,"data":{"avail":-1,"rxLen":10,"hdr2451":-1,"hdr2417":0,"tail2451":-1,"tail2417":-1,"payloadLen":10,"parsedCount":1}}
{"sessionId":"e9412c","runId":"post-fix","hypothesisId":"verify","location":"handleCompactFrame","message":"compact frame parsed","timestamp":14964,"data":{"avail":-1,"rxLen":10,"hdr2451":-1,"hdr2417":0,"tail2451":-1,"tail2417":-1,"payloadLen":10,"parsedCount":1}}
{"sessionId":"e9412c","runId":"post-fix","hypothesisId":"verify","location":"handleCompactFrame","message":"compact frame parsed","timestamp":15029,"data":{"avail":-1,"rxLen":10,"hdr2451":-1,"hdr2417":0,"tail2451":-1,"tail2417":-1,"payloadLen":10,"parsedCount":1}}
{"sessionId":"e9412c","runId":"post-fix","hypothesisId":"verify","location":"handleCompactFrame","message":"compact frame parsed","timestamp":15090,"data":{"avail":-1,"rxLen":10,"hdr2451":-1,"hdr2417":0,"tail2451":-1,"tail2417":-1,"payloadLen":10,"parsedCount":1}}
{"sessionId":"e9412c","runId":"post-fix","hypothesisId":"B","location":"pollRadar:scan","message":"serial ingest snapshot","timestamp":15113,"data":{"avail":0,"rxLen":112,"hdr2451":-1,"hdr2417":2,"tail2451":-1,"tail2417":-1,"payloadLen":-1,"parsedCount":-1}}
{"sessionId":"e9412c","runId":"post-fix","hypothesisId":"B","location":"pollRadar:sample","message":"rx buffer sample","timestamp":15146,"data":{"hex":"04 00 AA AA 02 B5 02 3C 01 C5 04 02 AA AA 02 B5"}}
{"sessionId":"e9412c","runId":"post-fix","hypothesisId":"verify","location":"handleCompactFrame","message":"compact frame parsed","timestamp":15158,"data":{"avail":-1,"rxLen":10,"hdr2451":-1,"hdr2417":0,"tail2451":-1,"tail2417":-1,"payloadLen":10,"parsedCount":1}}
{"sessionId":"e9412c","runId":"post-fix","hypothesisId":"verify","location":"handleCompactFrame","message":"compact frame parsed","timestamp":15216,"data":{"avail":-1,"rxLen":10,"hdr2451":-1,"hdr2417":0,"tail2451":-1,"tail2417":-1,"payloadLen":10,"parsedCount":1}}
{"sessionId":"e9412c","runId":"post-fix","hypothesisId":"verify","location":"handleCompactFrame","message":"compact frame parsed","timestamp":15285,"data":{"avail":-1,"rxLen":10,"hdr2451":-1,"hdr2417":0,"tail2451":-1,"tail2417":-1,"payloadLen":10,"parsedCount":1}}
{"sessionId":"e9412c","runId":"post-fix","hypothesisId":"verify","location":"handleCompactFrame","message":"compact frame parsed","timestamp":15348,"data":{"avail":-1,"rxLen":10,"hdr2451":-1,"hdr2417":0,"tail2451":-1,"tail2417":-1,"payloadLen":10,"parsedCount":1}}
{"sessionId":"e9412c","runId":"post-fix","hypothesisId":"verify","location":"handleCompactFrame","message":"compact frame parsed","timestamp":15415,"data":{"avail":-1,"rxLen":10,"hdr2451":-1,"hdr2417":0,"tail2451":-1,"tail2417":-1,"payloadLen":10,"parsedCount":1}}
{"sessionId":"e9412c","runId":"post-fix","hypothesisId":"verify","location":"handleCompactFrame","message":"compact frame parsed","timestamp":15482,"data":{"avail":-1,"rxLen":10,"hdr2451":-1,"hdr2417":0,"tail2451":-1,"tail2417":-1,"payloadLen":10,"parsedCount":1}}
{"sessionId":"e9412c","runId":"post-fix","hypothesisId":"verify","location":"handleCompactFrame","message":"compact frame parsed","timestamp":15545,"data":{"avail":-1,"rxLen":10,"hdr2451":-1,"hdr2417":0,"tail2451":-1,"tail2417":-1,"payloadLen":10,"parsedCount":1}}
{"sessionId":"e9412c","runId":"post-fix","hypothesisId":"verify","location":"handleCompactFrame","message":"compact frame parsed","timestamp":15612,"data":{"avail":-1,"rxLen":10,"hdr2451":-1,"hdr2417":0,"tail2451":-1,"tail2417":-1,"payloadLen":10,"parsedCount":1}}
{"sessionId":"e9412c","runId":"post-fix","hypothesisId":"B","location":"pollRadar:scan","message":"serial ingest snapshot","timestamp":15635,"data":{"avail":0,"rxLen":112,"hdr2451":-1,"hdr2417":2,"tail2451":-1,"tail2417":-1,"payloadLen":-1,"parsedCount":-1}}
{"sessionId":"e9412c","runId":"post-fix","hypothesisId":"B","location":"pollRadar:sample","message":"rx buffer sample","timestamp":15668,"data":{"hex":"04 00 AA AA 03 B5 02 5F 01 C1 04 02 AA AA 03 B5"}}
{"sessionId":"e9412c","runId":"post-fix","hypothesisId":"verify","location":"handleCompactFrame","message":"compact frame parsed","timestamp":15680,"data":{"avail":-1,"rxLen":10,"hdr2451":-1,"hdr2417":0,"tail2451":-1,"tail2417":-1,"payloadLen":10,"parsedCount":1}}
{"sessionId":"e9412c","runId":"post-fix","hypothesisId":"verify","location":"handleCompactFrame","message":"compact frame parsed","timestamp":15746,"data":{"avail":-1,"rxLen":10,"hdr2451":-1,"hdr2417":0,"tail2451":-1,"tail2417":-1,"payloadLen":10,"parsedCount":1}}
{"sessionId":"e9412c","runId":"post-fix","hypothesisId":"verify","location":"handleCompactFrame","message":"compact frame parsed","timestamp":15810,"data":{"avail":-1,"rxLen":10,"hdr2451":-1,"hdr2417":0,"tail2451":-1,"tail2417":-1,"payloadLen":10,"parsedCount":1}}
{"sessionId":"e9412c","runId":"post-fix","hypothesisId":"verify","location":"handleCompactFrame","message":"compact frame parsed","timestamp":15876,"data":{"avail":-1,"rxLen":10,"hdr2451":-1,"hdr2417":0,"tail2451":-1,"tail2417":-1,"payloadLen":10,"parsedCount":1}}
{"sessionId":"e9412c","runId":"post-fix","hypothesisId":"verify","location":"handleCompactFrame","message":"compact frame parsed","timestamp":15939,"data":{"avail":-1,"rxLen":10,"hdr2451":-1,"hdr2417":0,"tail2451":-1,"tail2417":-1,"payloadLen":10,"parsedCount":1}}
{"sessionId":"e9412c","runId":"post-fix","hypothesisId":"verify","location":"handleCompactFrame","message":"compact frame parsed","timestamp":16011,"data":{"avail":-1,"rxLen":10,"hdr2451":-1,"hdr2417":0,"tail2451":-1,"tail2417":-1,"payloadLen":10,"parsedCount":1}}
{"sessionId":"e9412c","runId":"post-fix","hypothesisId":"verify","location":"handleCompactFrame","message":"compact frame parsed","timestamp":16077,"data":{"avail":-1,"rxLen":10,"hdr2451":-1,"hdr2417":0,"tail2451":-1,"tail2417":-1,"payloadLen":10,"parsedCount":1}}
{"sessionId":"e9412c","runId":"post-fix","hypothesisId":"B","location":"pollRadar:scan","message":"serial ingest snapshot","timestamp":16135,"data":{"avail":0,"rxLen":102,"hdr2451":-1,"hdr2417":2,"tail2451":-1,"tail2417":-1,"payloadLen":-1,"parsedCount":-1}}
{"sessionId":"e9412c","runId":"post-fix","hypothesisId":"B","location":"pollRadar:sample","message":"rx buffer sample","timestamp":16168,"data":{"hex":"04 02 AA AA 02 BA 02 54 01 D8 04 02 AA AA 02 BA"}}
{"sessionId":"e9412c","runId":"post-fix","hypothesisId":"verify","location":"handleCompactFrame","message":"compact frame parsed","timestamp":16169,"data":{"avail":-1,"rxLen":10,"hdr2451":-1,"hdr2417":0,"tail2451":-1,"tail2417":-1,"payloadLen":10,"parsedCount":1}}
{"sessionId":"e9412c","runId":"post-fix","hypothesisId":"verify","location":"handleCompactFrame","message":"compact frame parsed","timestamp":16203,"data":{"avail":-1,"rxLen":10,"hdr2451":-1,"hdr2417":0,"tail2451":-1,"tail2417":-1,"payloadLen":10,"parsedCount":1}}
{"sessionId":"e9412c","runId":"post-fix","hypothesisId":"verify","location":"handleCompactFrame","message":"compact frame parsed","timestamp":16270,"data":{"avail":-1,"rxLen":10,"hdr2451":-1,"hdr2417":0,"tail2451":-1,"tail2417":-1,"payloadLen":10,"parsedCount":1}}
{"sessionId":"e9412c","runId":"post-fix","hypothesisId":"verify","location":"handleCompactFrame","message":"compact frame parsed","timestamp":16329,"data":{"avail":-1,"rxLen":10,"hdr2451":-1,"hdr2417":0,"tail2451":-1,"tail2417":-1,"payloadLen":10,"parsedCount":1}}
{"sessionId":"e9412c","runId":"post-fix","hypothesisId":"verify","location":"handleCompactFrame","message":"compact frame parsed","timestamp":16401,"data":{"avail":-1,"rxLen":10,"hdr2451":-1,"hdr2417":0,"tail2451":-1,"tail2417":-1,"payloadLen":10,"parsedCount":1}}
{"sessionId":"e9412c","runId":"post-fix","hypothesisId":"verify","location":"handleCompactFrame","message":"compact frame parsed","timestamp":16465,"data":{"avail":-1,"rxLen":10,"hdr2451":-1,"hdr2417":0,"tail2451":-1,"tail2417":-1,"payloadLen":10,"parsedCount":1}}
{"sessionId":"e9412c","runId":"post-fix","hypothesisId":"verify","location":"handleCompactFrame","message":"compact frame parsed","timestamp":16528,"data":{"avail":-1,"rxLen":10,"hdr2451":-1,"hdr2417":0,"tail2451":-1,"tail2417":-1,"payloadLen":10,"parsedCount":1}}
{"sessionId":"e9412c","runId":"post-fix","hypothesisId":"verify","location":"handleCompactFrame","message":"compact frame parsed","timestamp":16589,"data":{"avail":-1,"rxLen":10,"hdr2451":-1,"hdr2417":0,"tail2451":-1,"tail2417":-1,"payloadLen":10,"parsedCount":1}}
{"sessionId":"e9412c","runId":"post-fix","hypothesisId":"B","location":"pollRadar:scan","message":"serial ingest snapshot","timestamp":16635,"data":{"avail":0,"rxLen":112,"hdr2451":-1,"hdr2417":2,"tail2451":-1,"tail2417":-1,"payloadLen":-1,"parsedCount":-1}}
{"sessionId":"e9412c","runId":"post-fix","hypothesisId":"B","location":"pollRadar:sample","message":"rx buffer sample","timestamp":16668,"data":{"hex":"03 02 AA AA 04 BA 02 60 01 51 04 00 AA AA 05 BA"}}
{"sessionId":"e9412c","runId":"post-fix","hypothesisId":"verify","location":"handleCompactFrame","message":"compact frame parsed","timestamp":16669,"data":{"avail":-1,"rxLen":10,"hdr2451":-1,"hdr2417":0,"tail2451":-1,"tail2417":-1,"payloadLen":10,"parsedCount":1}}
{"sessionId":"e9412c","runId":"post-fix","hypothesisId":"verify","location":"handleCompactFrame","message":"compact frame parsed","timestamp":16716,"data":{"avail":-1,"rxLen":10,"hdr2451":-1,"hdr2417":0,"tail2451":-1,"tail2417":-1,"payloadLen":10,"parsedCount":1}}
{"sessionId":"e9412c","runId":"post-fix","hypothesisId":"verify","location":"handleCompactFrame","message":"compact frame parsed","timestamp":16785,"data":{"avail":-1,"rxLen":10,"hdr2451":-1,"hdr2417":0,"tail2451":-1,"tail2417":-1,"payloadLen":10,"parsedCount":1}}
{"sessionId":"e9412c","runId":"post-fix","hypothesisId":"verify","location":"handleCompactFrame","message":"compact frame parsed","timestamp":16853,"data":{"avail":-1,"rxLen":10,"hdr2451":-1,"hdr2417":0,"tail2451":-1,"tail2417":-1,"payloadLen":10,"parsedCount":1}}
{"sessionId":"e9412c","runId":"post-fix","hypothesisId":"verify","location":"handleCompactFrame","message":"compact frame parsed","timestamp":16921,"data":{"avail":-1,"rxLen":10,"hdr2451":-1,"hdr2417":0,"tail2451":-1,"tail2417":-1,"payloadLen":10,"parsedCount":1}}
{"sessionId":"e9412c","runId":"post-fix","hypothesisId":"verify","location":"handleCompactFrame","message":"compact frame parsed","timestamp":16985,"data":{"avail":-1,"rxLen":10,"hdr2451":-1,"hdr2417":0,"tail2451":-1,"tail2417":-1,"payloadLen":10,"parsedCount":1}}
{"sessionId":"e9412c","runId":"post-fix","hypothesisId":"verify","location":"handleCompactFrame","message":"compact frame parsed","timestamp":17052,"data":{"avail":-1,"rxLen":10,"hdr2451":-1,"hdr2417":0,"tail2451":-1,"tail2417":-1,"payloadLen":10,"parsedCount":1}}
{"sessionId":"e9412c","runId":"post-fix","hypothesisId":"verify","location":"handleCompactFrame","message":"compact frame parsed","timestamp":17116,"data":{"avail":-1,"rxLen":10,"hdr2451":-1,"hdr2417":0,"tail2451":-1,"tail2417":-1,"payloadLen":10,"parsedCount":1}}
{"sessionId":"e9412c","runId":"post-fix","hypothesisId":"B","location":"pollRadar:scan","message":"serial ingest snapshot","timestamp":17139,"data":{"avail":17,"rxLen":112,"hdr2451":-1,"hdr2417":2,"tail2451":-1,"tail2417":-1,"payloadLen":-1,"parsedCount":-1}}
{"sessionId":"e9412c","runId":"post-fix","hypothesisId":"B","location":"pollRadar:sample","message":"rx buffer sample","timestamp":17172,"data":{"hex":"04 02 AA AA 05 BA 02 59 01 49 04 00 AA AA 04 BA"}}
{"sessionId":"e9412c","runId":"post-fix","hypothesisId":"verify","location":"handleCompactFrame","message":"compact frame parsed","timestamp":17184,"data":{"avail":-1,"rxLen":10,"hdr2451":-1,"hdr2417":0,"tail2451":-1,"tail2417":-1,"payloadLen":10,"parsedCount":1}}
{"sessionId":"e9412c","runId":"post-fix","hypothesisId":"verify","location":"handleCompactFrame","message":"compact frame parsed","timestamp":17244,"data":{"avail":-1,"rxLen":10,"hdr2451":-1,"hdr2417":0,"tail2451":-1,"tail2417":-1,"payloadLen":10,"parsedCount":1}}
{"sessionId":"e9412c","runId":"post-fix","hypothesisId":"verify","location":"handleCompactFrame","message":"compact frame parsed","timestamp":17314,"data":{"avail":-1,"rxLen":10,"hdr2451":-1,"hdr2417":0,"tail2451":-1,"tail2417":-1,"payloadLen":10,"parsedCount":1}}
{"sessionId":"e9412c","runId":"post-fix","hypothesisId":"verify","location":"handleCompactFrame","message":"compact frame parsed","timestamp":17376,"data":{"avail":-1,"rxLen":10,"hdr2451":-1,"hdr2417":0,"tail2451":-1,"tail2417":-1,"payloadLen":10,"parsedCount":1}}
{"sessionId":"e9412c","runId":"post-fix","hypothesisId":"verify","location":"handleCompactFrame","message":"compact frame parsed","timestamp":17441,"data":{"avail":-1,"rxLen":10,"hdr2451":-1,"hdr2417":0,"tail2451":-1,"tail2417":-1,"payloadLen":10,"parsedCount":1}}
{"sessionId":"e9412c","runId":"post-fix","hypothesisId":"verify","location":"handleCompactFrame","message":"compact frame parsed","timestamp":17512,"data":{"avail":-1,"rxLen":10,"hdr2451":-1,"hdr2417":0,"tail2451":-1,"tail2417":-1,"payloadLen":10,"parsedCount":1}}
{"sessionId":"e9412c","runId":"post-fix","hypothesisId":"verify","location":"handleCompactFrame","message":"compact frame parsed","timestamp":17575,"data":{"avail":-1,"rxLen":10,"hdr2451":-1,"hdr2417":0,"tail2451":-1,"tail2417":-1,"payloadLen":10,"parsedCount":1}}
{"sessionId":"e9412c","runId":"post-fix","hypothesisId":"B","location":"pollRadar:scan","message":"serial ingest snapshot","timestamp":17639,"data":{"avail":0,"rxLen":102,"hdr2451":-1,"hdr2417":2,"tail2451":-1,"tail2417":-1,"payloadLen":-1,"parsedCount":-1}}
{"sessionId":"e9412c","runId":"post-fix","hypothesisId":"B","location":"pollRadar:sample","message":"rx buffer sample","timestamp":17672,"data":{"hex":"03 02 AA AA 05 BA 02 69 01 3C 03 02 AA AA 05 BA"}}
{"sessionId":"e9412c","runId":"post-fix","hypothesisId":"verify","location":"handleCompactFrame","message":"compact frame parsed","timestamp":17673,"data":{"avail":-1,"rxLen":10,"hdr2451":-1,"hdr2417":0,"tail2451":-1,"tail2417":-1,"payloadLen":10,"parsedCount":1}}
{"sessionId":"e9412c","runId":"post-fix","hypothesisId":"verify","location":"handleCompactFrame","message":"compact frame parsed","timestamp":17707,"data":{"avail":-1,"rxLen":10,"hdr2451":-1,"hdr2417":0,"tail2451":-1,"tail2417":-1,"payloadLen":10,"parsedCount":1}}
{"sessionId":"e9412c","runId":"post-fix","hypothesisId":"verify","location":"handleCompactFrame","message":"compact frame parsed","timestamp":17767,"data":{"avail":-1,"rxLen":10,"hdr2451":-1,"hdr2417":0,"tail2451":-1,"tail2417":-1,"payloadLen":10,"parsedCount":1}}
{"sessionId":"e9412c","runId":"post-fix","hypothesisId":"verify","location":"handleCompactFrame","message":"compact frame parsed","timestamp":17823,"data":{"avail":-1,"rxLen":10,"hdr2451":-1,"hdr2417":0,"tail2451":-1,"tail2417":-1,"payloadLen":10,"parsedCount":1}}
{"sessionId":"e9412c","runId":"post-fix","hypothesisId":"verify","location":"handleCompactFrame","message":"compact frame parsed","timestamp":17896,"data":{"avail":-1,"rxLen":10,"hdr2451":-1,"hdr2417":0,"tail2451":-1,"tail2417":-1,"payloadLen":10,"parsedCount":1}}
{"sessionId":"e9412c","runId":"post-fix","hypothesisId":"verify","location":"handleCompactFrame","message":"compact frame parsed","timestamp":17956,"data":{"avail":-1,"rxLen":10,"hdr2451":-1,"hdr2417":0,"tail2451":-1,"tail2417":-1,"payloadLen":10,"parsedCount":1}}
{"sessionId":"e9412c","runId":"post-fix","hypothesisId":"verify","location":"handleCompactFrame","message":"compact frame parsed","timestamp":18020,"data":{"avail":-1,"rxLen":10,"hdr2451":-1,"hdr2417":0,"tail2451":-1,"tail2417":-1,"payloadLen":10,"parsedCount":1}}
{"sessionId":"e9412c","runId":"post-fix","hypothesisId":"verify","location":"handleCompactFrame","message":"compact frame parsed","timestamp":18083,"data":{"avail":-1,"rxLen":10,"hdr2451":-1,"hdr2417":0,"tail2451":-1,"tail2417":-1,"payloadLen":10,"parsedCount":1}}
{"sessionId":"e9412c","runId":"post-fix","hypothesisId":"B","location":"pollRadar:scan","message":"serial ingest snapshot","timestamp":18139,"data":{"avail":0,"rxLen":112,"hdr2451":-1,"hdr2417":2,"tail2451":-1,"tail2417":-1,"payloadLen":-1,"parsedCount":-1}}
{"sessionId":"e9412c","runId":"post-fix","hypothesisId":"B","location":"pollRadar:sample","message":"rx buffer sample","timestamp":18172,"data":{"hex":"03 02 AA AA 06 BA 02 69 01 B1 03 02 AA AA 08 BA"}}
{"sessionId":"e9412c","runId":"post-fix","hypothesisId":"verify","location":"handleCompactFrame","message":"compact frame parsed","timestamp":18173,"data":{"avail":-1,"rxLen":10,"hdr2451":-1,"hdr2417":0,"tail2451":-1,"tail2417":-1,"payloadLen":10,"parsedCount":1}}
{"sessionId":"e9412c","runId":"post-fix","hypothesisId":"verify","location":"handleCompactFrame","message":"compact frame parsed","timestamp":18215,"data":{"avail":-1,"rxLen":10,"hdr2451":-1,"hdr2417":0,"tail2451":-1,"tail2417":-1,"payloadLen":10,"parsedCount":1}}
{"sessionId":"e9412c","runId":"post-fix","hypothesisId":"verify","location":"handleCompactFrame","message":"compact frame parsed","timestamp":18275,"data":{"avail":-1,"rxLen":10,"hdr2451":-1,"hdr2417":0,"tail2451":-1,"tail2417":-1,"payloadLen":10,"parsedCount":1}}
{"sessionId":"e9412c","runId":"post-fix","hypothesisId":"verify","location":"handleCompactFrame","message":"compact frame parsed","timestamp":18343,"data":{"avail":-1,"rxLen":10,"hdr2451":-1,"hdr2417":0,"tail2451":-1,"tail2417":-1,"payloadLen":10,"parsedCount":1}}
{"sessionId":"e9412c","runId":"post-fix","hypothesisId":"verify","location":"handleCompactFrame","message":"compact frame parsed","timestamp":18406,"data":{"avail":-1,"rxLen":10,"hdr2451":-1,"hdr2417":0,"tail2451":-1,"tail2417":-1,"payloadLen":10,"parsedCount":1}}
{"sessionId":"e9412c","runId":"post-fix","hypothesisId":"verify","location":"handleCompactFrame","message":"compact frame parsed","timestamp":18470,"data":{"avail":-1,"rxLen":10,"hdr2451":-1,"hdr2417":0,"tail2451":-1,"tail2417":-1,"payloadLen":10,"parsedCount":1}}
{"sessionId":"e9412c","runId":"post-fix","hypothesisId":"verify","location":"handleCompactFrame","message":"compact frame parsed","timestamp":18533,"data":{"avail":-1,"rxLen":10,"hdr2451":-1,"hdr2417":0,"tail2451":-1,"tail2417":-1,"payloadLen":10,"parsedCount":1}}
{"sessionId":"e9412c","runId":"post-fix","hypothesisId":"verify","location":"handleCompactFrame","message":"compact frame parsed","timestamp":18605,"data":{"avail":-1,"rxLen":10,"hdr2451":-1,"hdr2417":0,"tail2451":-1,"tail2417":-1,"payloadLen":10,"parsedCount":1}}
{"sessionId":"e9412c","runId":"post-fix","hypothesisId":"B","location":"pollRadar:scan","message":"serial ingest snapshot","timestamp":18639,"data":{"avail":0,"rxLen":112,"hdr2451":-1,"hdr2417":2,"tail2451":-1,"tail2417":-1,"payloadLen":-1,"parsedCount":-1}}
{"sessionId":"e9412c","runId":"post-fix","hypothesisId":"B","location":"pollRadar:sample","message":"rx buffer sample","timestamp":18672,"data":{"hex":"03 02 AA AA 04 18 02 58 01 B3 03 00 AA AA 03 18"}}
{"sessionId":"e9412c","runId":"post-fix","hypothesisId":"verify","location":"handleCompactFrame","message":"compact frame parsed","timestamp":18673,"data":{"avail":-1,"rxLen":10,"hdr2451":-1,"hdr2417":0,"tail2451":-1,"tail2417":-1,"payloadLen":10,"parsedCount":1}}
{"sessionId":"e9412c","runId":"post-fix","hypothesisId":"verify","location":"handleCompactFrame","message":"compact frame parsed","timestamp":18736,"data":{"avail":-1,"rxLen":10,"hdr2451":-1,"hdr2417":0,"tail2451":-1,"tail2417":-1,"payloadLen":10,"parsedCount":1}}
{"sessionId":"e9412c","runId":"post-fix","hypothesisId":"verify","location":"handleCompactFrame","message":"compact frame parsed","timestamp":18801,"data":{"avail":-1,"rxLen":10,"hdr2451":-1,"hdr2417":0,"tail2451":-1,"tail2417":-1,"payloadLen":10,"parsedCount":1}}
{"sessionId":"e9412c","runId":"post-fix","hypothesisId":"verify","location":"handleCompactFrame","message":"compact frame parsed","timestamp":18860,"data":{"avail":-1,"rxLen":10,"hdr2451":-1,"hdr2417":0,"tail2451":-1,"tail2417":-1,"payloadLen":10,"parsedCount":1}}
{"sessionId":"e9412c","runId":"post-fix","hypothesisId":"verify","location":"handleCompactFrame","message":"compact frame parsed","timestamp":18921,"data":{"avail":-1,"rxLen":10,"hdr2451":-1,"hdr2417":0,"tail2451":-1,"tail2417":-1,"payloadLen":10,"parsedCount":1}}
{"sessionId":"e9412c","runId":"post-fix","hypothesisId":"verify","location":"handleCompactFrame","message":"compact frame parsed","timestamp":18987,"data":{"avail":-1,"rxLen":10,"hdr2451":-1,"hdr2417":0,"tail2451":-1,"tail2417":-1,"payloadLen":10,"parsedCount":1}}
{"sessionId":"e9412c","runId":"post-fix","hypothesisId":"verify","location":"handleCompactFrame","message":"compact frame parsed","timestamp":19054,"data":{"avail":-1,"rxLen":10,"hdr2451":-1,"hdr2417":0,"tail2451":-1,"tail2417":-1,"payloadLen":10,"parsedCount":1}}
{"sessionId":"e9412c","runId":"post-fix","hypothesisId":"verify","location":"handleCompactFrame","message":"compact frame parsed","timestamp":19123,"data":{"avail":-1,"rxLen":10,"hdr2451":-1,"hdr2417":0,"tail2451":-1,"tail2417":-1,"payloadLen":10,"parsedCount":1}}
{"sessionId":"e9412c","runId":"post-fix","hypothesisId":"B","location":"pollRadar:scan","message":"serial ingest snapshot","timestamp":19146,"data":{"avail":35,"rxLen":112,"hdr2451":-1,"hdr2417":2,"tail2451":-1,"tail2417":-1,"payloadLen":-1,"parsedCount":-1}}
{"sessionId":"e9412c","runId":"post-fix","hypothesisId":"B","location":"pollRadar:sample","message":"rx buffer sample","timestamp":19179,"data":{"hex":"04 02 AA AA 02 18 02 52 01 BF 04 02 AA AA 01 59"}}
{"sessionId":"e9412c","runId":"post-fix","hypothesisId":"verify","location":"handleCompactFrame","message":"compact frame parsed","timestamp":19191,"data":{"avail":-1,"rxLen":10,"hdr2451":-1,"hdr2417":0,"tail2451":-1,"tail2417":-1,"payloadLen":10,"parsedCount":1}}
{"sessionId":"e9412c","runId":"post-fix","hypothesisId":"verify","location":"handleCompactFrame","message":"compact frame parsed","timestamp":19251,"data":{"avail":-1,"rxLen":10,"hdr2451":-1,"hdr2417":0,"tail2451":-1,"tail2417":-1,"payloadLen":10,"parsedCount":1}}
{"sessionId":"e9412c","runId":"post-fix","hypothesisId":"verify","location":"handleCompactFrame","message":"compact frame parsed","timestamp":19321,"data":{"avail":-1,"rxLen":10,"hdr2451":-1,"hdr2417":0,"tail2451":-1,"tail2417":-1,"payloadLen":10,"parsedCount":1}}
{"sessionId":"e9412c","runId":"post-fix","hypothesisId":"verify","location":"handleCompactFrame","message":"compact frame parsed","timestamp":19382,"data":{"avail":-1,"rxLen":10,"hdr2451":-1,"hdr2417":0,"tail2451":-1,"tail2417":-1,"payloadLen":10,"parsedCount":1}}
{"sessionId":"e9412c","runId":"post-fix","hypothesisId":"verify","location":"handleCompactFrame","message":"compact frame parsed","timestamp":19446,"data":{"avail":-1,"rxLen":10,"hdr2451":-1,"hdr2417":0,"tail2451":-1,"tail2417":-1,"payloadLen":10,"parsedCount":1}}
{"sessionId":"e9412c","runId":"post-fix","hypothesisId":"verify","location":"handleCompactFrame","message":"compact frame parsed","timestamp":19506,"data":{"avail":-1,"rxLen":10,"hdr2451":-1,"hdr2417":0,"tail2451":-1,"tail2417":-1,"payloadLen":10,"parsedCount":1}}
{"sessionId":"e9412c","runId":"post-fix","hypothesisId":"verify","location":"handleCompactFrame","message":"compact frame parsed","timestamp":19573,"data":{"avail":-1,"rxLen":10,"hdr2451":-1,"hdr2417":0,"tail2451":-1,"tail2417":-1,"payloadLen":10,"parsedCount":1}}
{"sessionId":"e9412c","runId":"post-fix","hypothesisId":"verify","location":"handleCompactFrame","message":"compact frame parsed","timestamp":19639,"data":{"avail":-1,"rxLen":10,"hdr2451":-1,"hdr2417":0,"tail2451":-1,"tail2417":-1,"payloadLen":10,"parsedCount":1}}
{"sessionId":"e9412c","runId":"post-fix","hypothesisId":"B","location":"pollRadar:scan","message":"serial ingest snapshot","timestamp":19662,"data":{"avail":25,"rxLen":112,"hdr2451":-1,"hdr2417":2,"tail2451":-1,"tail2417":-1,"payloadLen":-1,"parsedCount":-1}}
{"sessionId":"e9412c","runId":"post-fix","hypothesisId":"B","location":"pollRadar:sample","message":"rx buffer sample","timestamp":19695,"data":{"hex":"07 02 AA AA 01 18 02 7F 01 5F 07 02 AA AA 02 18"}}
{"sessionId":"e9412c","runId":"post-fix","hypothesisId":"verify","location":"handleCompactFrame","message":"compact frame parsed","timestamp":19707,"data":{"avail":-1,"rxLen":10,"hdr2451":-1,"hdr2417":0,"tail2451":-1,"tail2417":-1,"payloadLen":10,"parsedCount":1}}
{"sessionId":"e9412c","runId":"post-fix","hypothesisId":"verify","location":"handleCompactFrame","message":"compact frame parsed","timestamp":19773,"data":{"avail":-1,"rxLen":10,"hdr2451":-1,"hdr2417":0,"tail2451":-1,"tail2417":-1,"payloadLen":10,"parsedCount":1}}
{"sessionId":"e9412c","runId":"post-fix","hypothesisId":"verify","location":"handleCompactFrame","message":"compact frame parsed","timestamp":19835,"data":{"avail":-1,"rxLen":10,"hdr2451":-1,"hdr2417":0,"tail2451":-1,"tail2417":-1,"payloadLen":10,"parsedCount":1}}
{"sessionId":"e9412c","runId":"post-fix","hypothesisId":"verify","location":"handleCompactFrame","message":"compact frame parsed","timestamp":19901,"data":{"avail":-1,"rxLen":10,"hdr2451":-1,"hdr2417":0,"tail2451":-1,"tail2417":-1,"payloadLen":10,"parsedCount":1}}
{"sessionId":"e9412c","runId":"post-fix","hypothesisId":"verify","location":"handleCompactFrame","message":"compact frame parsed","timestamp":19969,"data":{"avail":-1,"rxLen":10,"hdr2451":-1,"hdr2417":0,"tail2451":-1,"tail2417":-1,"payloadLen":10,"parsedCount":1}}
{"sessionId":"e9412c","runId":"post-fix","hypothesisId":"verify","location":"handleCompactFrame","message":"compact frame parsed","timestamp":20034,"data":{"avail":-1,"rxLen":10,"hdr2451":-1,"hdr2417":0,"tail2451":-1,"tail2417":-1,"payloadLen":10,"parsedCount":1}}
{"sessionId":"e9412c","runId":"post-fix","hypothesisId":"verify","location":"handleCompactFrame","message":"compact frame parsed","timestamp":20099,"data":{"avail":-1,"rxLen":10,"hdr2451":-1,"hdr2417":0,"tail2451":-1,"tail2417":-1,"payloadLen":10,"parsedCount":1}}
{"sessionId":"e9412c","runId":"post-fix","hypothesisId":"B","location":"pollRadar:scan","message":"serial ingest snapshot","timestamp":20162,"data":{"avail":0,"rxLen":102,"hdr2451":-1,"hdr2417":2,"tail2451":-1,"tail2417":-1,"payloadLen":-1,"parsedCount":-1}}
{"sessionId":"e9412c","runId":"post-fix","hypothesisId":"B","location":"pollRadar:sample","message":"rx buffer sample","timestamp":20195,"data":{"hex":"07 02 AA AA 01 74 02 48 01 0B 02 02 AA AA 02 74"}}
{"sessionId":"e9412c","runId":"post-fix","hypothesisId":"verify","location":"handleCompactFrame","message":"compact frame parsed","timestamp":20196,"data":{"avail":-1,"rxLen":10,"hdr2451":-1,"hdr2417":0,"tail2451":-1,"tail2417":-1,"payloadLen":10,"parsedCount":1}}
{"sessionId":"e9412c","runId":"post-fix","hypothesisId":"verify","location":"handleCompactFrame","message":"compact frame parsed","timestamp":20230,"data":{"avail":-1,"rxLen":10,"hdr2451":-1,"hdr2417":0,"tail2451":-1,"tail2417":-1,"payloadLen":10,"parsedCount":1}}
{"sessionId":"e9412c","runId":"post-fix","hypothesisId":"verify","location":"handleCompactFrame","message":"compact frame parsed","timestamp":20288,"data":{"avail":-1,"rxLen":10,"hdr2451":-1,"hdr2417":0,"tail2451":-1,"tail2417":-1,"payloadLen":10,"parsedCount":1}}
{"sessionId":"e9412c","runId":"post-fix","hypothesisId":"verify","location":"handleCompactFrame","message":"compact frame parsed","timestamp":20355,"data":{"avail":-1,"rxLen":10,"hdr2451":-1,"hdr2417":0,"tail2451":-1,"tail2417":-1,"payloadLen":10,"parsedCount":1}}
{"sessionId":"e9412c","runId":"post-fix","hypothesisId":"verify","location":"handleCompactFrame","message":"compact frame parsed","timestamp":20424,"data":{"avail":-1,"rxLen":10,"hdr2451":-1,"hdr2417":0,"tail2451":-1,"tail2417":-1,"payloadLen":10,"parsedCount":1}}
{"sessionId":"e9412c","runId":"post-fix","hypothesisId":"verify","location":"handleCompactFrame","message":"compact frame parsed","timestamp":20490,"data":{"avail":-1,"rxLen":10,"hdr2451":-1,"hdr2417":0,"tail2451":-1,"tail2417":-1,"payloadLen":10,"parsedCount":1}}
{"sessionId":"e9412c","runId":"post-fix","hypothesisId":"verify","location":"handleCompactFrame","message":"compact frame parsed","timestamp":20550,"data":{"avail":-1,"rxLen":10,"hdr2451":-1,"hdr2417":0,"tail2451":-1,"tail2417":-1,"payloadLen":10,"parsedCount":1}}
{"sessionId":"e9412c","runId":"post-fix","hypothesisId":"verify","location":"handleCompactFrame","message":"compact frame parsed","timestamp":20618,"data":{"avail":-1,"rxLen":10,"hdr2451":-1,"hdr2417":0,"tail2451":-1,"tail2417":-1,"payloadLen":10,"parsedCount":1}}
{"sessionId":"e9412c","runId":"post-fix","hypothesisId":"B","location":"pollRadar:scan","message":"serial ingest snapshot","timestamp":20662,"data":{"avail":0,"rxLen":112,"hdr2451":-1,"hdr2417":2,"tail2451":-1,"tail2417":-1,"payloadLen":-1,"parsedCount":-1}}
{"sessionId":"e9412c","runId":"post-fix","hypothesisId":"B","location":"pollRadar:sample","message":"rx buffer sample","timestamp":20695,"data":{"hex":"07 00 AA AA 03 6F 02 36 01 1D 07 00 AA AA 03 6F"}}
{"sessionId":"e9412c","runId":"post-fix","hypothesisId":"verify","location":"handleCompactFrame","message":"compact frame parsed","timestamp":20696,"data":{"avail":-1,"rxLen":10,"hdr2451":-1,"hdr2417":0,"tail2451":-1,"tail2417":-1,"payloadLen":10,"parsedCount":1}}
{"sessionId":"e9412c","runId":"post-fix","hypothesisId":"verify","location":"handleCompactFrame","message":"compact frame parsed","timestamp":20749,"data":{"avail":-1,"rxLen":10,"hdr2451":-1,"hdr2417":0,"tail2451":-1,"tail2417":-1,"payloadLen":10,"parsedCount":1}}
{"sessionId":"e9412c","runId":"post-fix","hypothesisId":"verify","location":"handleCompactFrame","message":"compact frame parsed","timestamp":20815,"data":{"avail":-1,"rxLen":10,"hdr2451":-1,"hdr2417":0,"tail2451":-1,"tail2417":-1,"payloadLen":10,"parsedCount":1}}
{"sessionId":"e9412c","runId":"post-fix","hypothesisId":"verify","location":"handleCompactFrame","message":"compact frame parsed","timestamp":20879,"data":{"avail":-1,"rxLen":10,"hdr2451":-1,"hdr2417":0,"tail2451":-1,"tail2417":-1,"payloadLen":10,"parsedCount":1}}
{"sessionId":"e9412c","runId":"post-fix","hypothesisId":"verify","location":"handleCompactFrame","message":"compact frame parsed","timestamp":20943,"data":{"avail":-1,"rxLen":10,"hdr2451":-1,"hdr2417":0,"tail2451":-1,"tail2417":-1,"payloadLen":10,"parsedCount":1}}
{"sessionId":"e9412c","runId":"post-fix","hypothesisId":"verify","location":"handleCompactFrame","message":"compact frame parsed","timestamp":21009,"data":{"avail":-1,"rxLen":10,"hdr2451":-1,"hdr2417":0,"tail2451":-1,"tail2417":-1,"payloadLen":10,"parsedCount":1}}
{"sessionId":"e9412c","runId":"post-fix","hypothesisId":"verify","location":"handleCompactFrame","message":"compact frame parsed","timestamp":21074,"data":{"avail":-1,"rxLen":10,"hdr2451":-1,"hdr2417":0,"tail2451":-1,"tail2417":-1,"payloadLen":10,"parsedCount":1}}
{"sessionId":"e9412c","runId":"post-fix","hypothesisId":"verify","location":"handleCompactFrame","message":"compact frame parsed","timestamp":21145,"data":{"avail":-1,"rxLen":10,"hdr2451":-1,"hdr2417":0,"tail2451":-1,"tail2417":-1,"payloadLen":10,"parsedCount":1}}
{"sessionId":"e9412c","runId":"post-fix","hypothesisId":"B","location":"pollRadar:scan","message":"serial ingest snapshot","timestamp":21168,"data":{"avail":0,"rxLen":113,"hdr2451":-1,"hdr2417":2,"tail2451":-1,"tail2417":-1,"payloadLen":-1,"parsedCount":-1}}
{"sessionId":"e9412c","runId":"post-fix","hypothesisId":"B","location":"pollRadar:sample","message":"rx buffer sample","timestamp":21201,"data":{"hex":"09 00 AA AA 03 7F 02 39 02 6A 09 00 AA AA 02 7F"}}
{"sessionId":"e9412c","runId":"post-fix","hypothesisId":"verify","location":"handleCompactFrame","message":"compact frame parsed","timestamp":21213,"data":{"avail":-1,"rxLen":10,"hdr2451":-1,"hdr2417":0,"tail2451":-1,"tail2417":-1,"payloadLen":10,"parsedCount":1}}
{"sessionId":"e9412c","runId":"post-fix","hypothesisId":"verify","location":"handleCompactFrame","message":"compact frame parsed","timestamp":21271,"data":{"avail":-1,"rxLen":10,"hdr2451":-1,"hdr2417":0,"tail2451":-1,"tail2417":-1,"payloadLen":10,"parsedCount":1}}
{"sessionId":"e9412c","runId":"post-fix","hypothesisId":"verify","location":"handleCompactFrame","message":"compact frame parsed","timestamp":21334,"data":{"avail":-1,"rxLen":10,"hdr2451":-1,"hdr2417":0,"tail2451":-1,"tail2417":-1,"payloadLen":10,"parsedCount":1}}
{"sessionId":"e9412c","runId":"post-fix","hypothesisId":"verify","location":"handleCompactFrame","message":"compact frame parsed","timestamp":21402,"data":{"avail":-1,"rxLen":10,"hdr2451":-1,"hdr2417":0,"tail2451":-1,"tail2417":-1,"payloadLen":10,"parsedCount":1}}
{"sessionId":"e9412c","runId":"post-fix","hypothesisId":"verify","location":"handleCompactFrame","message":"compact frame parsed","timestamp":21471,"data":{"avail":-1,"rxLen":10,"hdr2451":-1,"hdr2417":0,"tail2451":-1,"tail2417":-1,"payloadLen":10,"parsedCount":1}}
{"sessionId":"e9412c","runId":"post-fix","hypothesisId":"verify","location":"handleCompactFrame","message":"compact frame parsed","timestamp":21536,"data":{"avail":-1,"rxLen":10,"hdr2451":-1,"hdr2417":0,"tail2451":-1,"tail2417":-1,"payloadLen":10,"parsedCount":1}}
{"sessionId":"e9412c","runId":"post-fix","hypothesisId":"verify","location":"handleCompactFrame","message":"compact frame parsed","timestamp":21598,"data":{"avail":-1,"rxLen":10,"hdr2451":-1,"hdr2417":0,"tail2451":-1,"tail2417":-1,"payloadLen":10,"parsedCount":1}}
{"sessionId":"e9412c","runId":"post-fix","hypothesisId":"B","location":"pollRadar:scan","message":"serial ingest snapshot","timestamp":21668,"data":{"avail":0,"rxLen":102,"hdr2451":-1,"hdr2417":1,"tail2451":-1,"tail2417":-1,"payloadLen":-1,"parsedCount":-1}}
{"sessionId":"e9412c","runId":"post-fix","hypothesisId":"B","location":"pollRadar:sample","message":"rx buffer sample","timestamp":21701,"data":{"hex":"02 AA AA AA 03 7F 02 16 02 99 0B 02 AA AA 04 7F"}}
{"sessionId":"e9412c","runId":"post-fix","hypothesisId":"verify","location":"handleCompactFrame","message":"compact frame parsed","timestamp":21702,"data":{"avail":-1,"rxLen":10,"hdr2451":-1,"hdr2417":0,"tail2451":-1,"tail2417":-1,"payloadLen":10,"parsedCount":1}}
{"sessionId":"e9412c","runId":"post-fix","hypothesisId":"verify","location":"handleCompactFrame","message":"compact frame parsed","timestamp":21736,"data":{"avail":-1,"rxLen":10,"hdr2451":-1,"hdr2417":0,"tail2451":-1,"tail2417":-1,"payloadLen":10,"parsedCount":1}}
{"sessionId":"e9412c","runId":"post-fix","hypothesisId":"verify","location":"handleCompactFrame","message":"compact frame parsed","timestamp":21791,"data":{"avail":-1,"rxLen":10,"hdr2451":-1,"hdr2417":0,"tail2451":-1,"tail2417":-1,"payloadLen":10,"parsedCount":1}}
{"sessionId":"e9412c","runId":"post-fix","hypothesisId":"verify","location":"handleCompactFrame","message":"compact frame parsed","timestamp":21860,"data":{"avail":-1,"rxLen":10,"hdr2451":-1,"hdr2417":0,"tail2451":-1,"tail2417":-1,"payloadLen":10,"parsedCount":1}}
{"sessionId":"e9412c","runId":"post-fix","hypothesisId":"verify","location":"handleCompactFrame","message":"compact frame parsed","timestamp":21928,"data":{"avail":-1,"rxLen":10,"hdr2451":-1,"hdr2417":0,"tail2451":-1,"tail2417":-1,"payloadLen":10,"parsedCount":1}}
{"sessionId":"e9412c","runId":"post-fix","hypothesisId":"verify","location":"handleCompactFrame","message":"compact frame parsed","timestamp":21996,"data":{"avail":-1,"rxLen":10,"hdr2451":-1,"hdr2417":0,"tail2451":-1,"tail2417":-1,"payloadLen":10,"parsedCount":1}}
{"sessionId":"e9412c","runId":"post-fix","hypothesisId":"verify","location":"handleCompactFrame","message":"compact frame parsed","timestamp":22059,"data":{"avail":-1,"rxLen":10,"hdr2451":-1,"hdr2417":0,"tail2451":-1,"tail2417":-1,"payloadLen":10,"parsedCount":1}}
{"sessionId":"e9412c","runId":"post-fix","hypothesisId":"verify","location":"handleCompactFrame","message":"compact frame parsed","timestamp":22119,"data":{"avail":-1,"rxLen":10,"hdr2451":-1,"hdr2417":0,"tail2451":-1,"tail2417":-1,"payloadLen":10,"parsedCount":1}}
{"sessionId":"e9412c","runId":"post-fix","hypothesisId":"B","location":"pollRadar:scan","message":"serial ingest snapshot","timestamp":22168,"data":{"avail":0,"rxLen":113,"hdr2451":-1,"hdr2417":2,"tail2451":-1,"tail2417":-1,"payloadLen":-1,"parsedCount":-1}}
{"sessionId":"e9412c","runId":"post-fix","hypothesisId":"B","location":"pollRadar:sample","message":"rx buffer sample","timestamp":22201,"data":{"hex":"0F 02 AA AA 05 AC 02 A1 02 34 0F 02 AA AA 05 AC"}}
{"sessionId":"e9412c","runId":"post-fix","hypothesisId":"verify","location":"handleCompactFrame","message":"compact frame parsed","timestamp":22202,"data":{"avail":-1,"rxLen":10,"hdr2451":-1,"hdr2417":0,"tail2451":-1,"tail2417":-1,"payloadLen":10,"parsedCount":1}}
{"sessionId":"e9412c","runId":"post-fix","hypothesisId":"verify","location":"handleCompactFrame","message":"compact frame parsed","timestamp":22248,"data":{"avail":-1,"rxLen":10,"hdr2451":-1,"hdr2417":0,"tail2451":-1,"tail2417":-1,"payloadLen":10,"parsedCount":1}}
{"sessionId":"e9412c","runId":"post-fix","hypothesisId":"verify","location":"handleCompactFrame","message":"compact frame parsed","timestamp":22316,"data":{"avail":-1,"rxLen":10,"hdr2451":-1,"hdr2417":0,"tail2451":-1,"tail2417":-1,"payloadLen":10,"parsedCount":1}}
{"sessionId":"e9412c","runId":"post-fix","hypothesisId":"verify","location":"handleCompactFrame","message":"compact frame parsed","timestamp":22376,"data":{"avail":-1,"rxLen":10,"hdr2451":-1,"hdr2417":0,"tail2451":-1,"tail2417":-1,"payloadLen":10,"parsedCount":1}}
{"sessionId":"e9412c","runId":"post-fix","hypothesisId":"verify","location":"handleCompactFrame","message":"compact frame parsed","timestamp":22440,"data":{"avail":-1,"rxLen":10,"hdr2451":-1,"hdr2417":0,"tail2451":-1,"tail2417":-1,"payloadLen":10,"parsedCount":1}}
{"sessionId":"e9412c","runId":"post-fix","hypothesisId":"verify","location":"handleCompactFrame","message":"compact frame parsed","timestamp":22507,"data":{"avail":-1,"rxLen":10,"hdr2451":-1,"hdr2417":0,"tail2451":-1,"tail2417":-1,"payloadLen":10,"parsedCount":1}}
{"sessionId":"e9412c","runId":"post-fix","hypothesisId":"verify","location":"handleCompactFrame","message":"compact frame parsed","timestamp":22576,"data":{"avail":-1,"rxLen":10,"hdr2451":-1,"hdr2417":0,"tail2451":-1,"tail2417":-1,"payloadLen":10,"parsedCount":1}}
{"sessionId":"e9412c","runId":"post-fix","hypothesisId":"verify","location":"handleCompactFrame","message":"compact frame parsed","timestamp":22641,"data":{"avail":-1,"rxLen":10,"hdr2451":-1,"hdr2417":0,"tail2451":-1,"tail2417":-1,"payloadLen":10,"parsedCount":1}}
{"sessionId":"e9412c","runId":"post-fix","hypothesisId":"B","location":"pollRadar:scan","message":"serial ingest snapshot","timestamp":22668,"data":{"avail":0,"rxLen":112,"hdr2451":-1,"hdr2417":2,"tail2451":-1,"tail2417":-1,"payloadLen":-1,"parsedCount":-1}}
{"sessionId":"e9412c","runId":"post-fix","hypothesisId":"B","location":"pollRadar:sample","message":"rx buffer sample","timestamp":22701,"data":{"hex":"0E 00 AA AA 07 AC 02 A3 02 AD 0E 00 AA AA 06 AC"}}
{"sessionId":"e9412c","runId":"post-fix","hypothesisId":"verify","location":"handleCompactFrame","message":"compact frame parsed","timestamp":22704,"data":{"avail":-1,"rxLen":10,"hdr2451":-1,"hdr2417":0,"tail2451":-1,"tail2417":-1,"payloadLen":10,"parsedCount":1}}
{"sessionId":"e9412c","runId":"post-fix","hypothesisId":"verify","location":"handleCompactFrame","message":"compact frame parsed","timestamp":22763,"data":{"avail":-1,"rxLen":10,"hdr2451":-1,"hdr2417":0,"tail2451":-1,"tail2417":-1,"payloadLen":10,"parsedCount":1}}
{"sessionId":"e9412c","runId":"post-fix","hypothesisId":"verify","location":"handleCompactFrame","message":"compact frame parsed","timestamp":22828,"data":{"avail":-1,"rxLen":10,"hdr2451":-1,"hdr2417":0,"tail2451":-1,"tail2417":-1,"payloadLen":10,"parsedCount":1}}
{"sessionId":"e9412c","runId":"post-fix","hypothesisId":"verify","location":"handleCompactFrame","message":"compact frame parsed","timestamp":22895,"data":{"avail":-1,"rxLen":10,"hdr2451":-1,"hdr2417":0,"tail2451":-1,"tail2417":-1,"payloadLen":10,"parsedCount":1}}
{"sessionId":"e9412c","runId":"post-fix","hypothesisId":"verify","location":"handleCompactFrame","message":"compact frame parsed","timestamp":22967,"data":{"avail":-1,"rxLen":10,"hdr2451":-1,"hdr2417":0,"tail2451":-1,"tail2417":-1,"payloadLen":10,"parsedCount":1}}
{"sessionId":"e9412c","runId":"post-fix","hypothesisId":"verify","location":"handleCompactFrame","message":"compact frame parsed","timestamp":23030,"data":{"avail":-1,"rxLen":10,"hdr2451":-1,"hdr2417":0,"tail2451":-1,"tail2417":-1,"payloadLen":10,"parsedCount":1}}
{"sessionId":"e9412c","runId":"post-fix","hypothesisId":"verify","location":"handleCompactFrame","message":"compact frame parsed","timestamp":23092,"data":{"avail":-1,"rxLen":10,"hdr2451":-1,"hdr2417":0,"tail2451":-1,"tail2417":-1,"payloadLen":10,"parsedCount":1}}
{"sessionId":"e9412c","runId":"post-fix","hypothesisId":"verify","location":"handleCompactFrame","message":"compact frame parsed","timestamp":23162,"data":{"avail":-1,"rxLen":10,"hdr2451":-1,"hdr2417":0,"tail2451":-1,"tail2417":-1,"payloadLen":10,"parsedCount":1}}
{"sessionId":"e9412c","runId":"post-fix","hypothesisId":"B","location":"pollRadar:scan","message":"serial ingest snapshot","timestamp":23185,"data":{"avail":52,"rxLen":112,"hdr2451":-1,"hdr2417":2,"tail2451":-1,"tail2417":-1,"payloadLen":-1,"parsedCount":-1}}
{"sessionId":"e9412c","runId":"post-fix","hypothesisId":"B","location":"pollRadar:sample","message":"rx buffer sample","timestamp":23219,"data":{"hex":"1C 03 AA AA 04 AC 02 6B 03 AC 05 02 AA AA 05 AC"}}
{"sessionId":"e9412c","runId":"post-fix","hypothesisId":"verify","location":"handleCompactFrame","message":"compact frame parsed","timestamp":23231,"data":{"avail":-1,"rxLen":10,"hdr2451":-1,"hdr2417":0,"tail2451":-1,"tail2417":-1,"payloadLen":10,"parsedCount":1}}
{"sessionId":"e9412c","runId":"post-fix","hypothesisId":"verify","location":"handleCompactFrame","message":"compact frame parsed","timestamp":23294,"data":{"avail":-1,"rxLen":10,"hdr2451":-1,"hdr2417":0,"tail2451":-1,"tail2417":-1,"payloadLen":10,"parsedCount":1}}
{"sessionId":"e9412c","runId":"post-fix","hypothesisId":"verify","location":"handleCompactFrame","message":"compact frame parsed","timestamp":23356,"data":{"avail":-1,"rxLen":10,"hdr2451":-1,"hdr2417":0,"tail2451":-1,"tail2417":-1,"payloadLen":10,"parsedCount":1}}
{"sessionId":"e9412c","runId":"post-fix","hypothesisId":"verify","location":"handleCompactFrame","message":"compact frame parsed","timestamp":23415,"data":{"avail":-1,"rxLen":10,"hdr2451":-1,"hdr2417":0,"tail2451":-1,"tail2417":-1,"payloadLen":10,"parsedCount":1}}
{"sessionId":"e9412c","runId":"post-fix","hypothesisId":"verify","location":"handleCompactFrame","message":"compact frame parsed","timestamp":23482,"data":{"avail":-1,"rxLen":10,"hdr2451":-1,"hdr2417":0,"tail2451":-1,"tail2417":-1,"payloadLen":10,"parsedCount":1}}
{"sessionId":"e9412c","runId":"post-fix","hypothesisId":"verify","location":"handleCompactFrame","message":"compact frame parsed","timestamp":23549,"data":{"avail":-1,"rxLen":10,"hdr2451":-1,"hdr2417":0,"tail2451":-1,"tail2417":-1,"payloadLen":10,"parsedCount":1}}
{"sessionId":"e9412c","runId":"post-fix","hypothesisId":"verify","location":"handleCompactFrame","message":"compact frame parsed","timestamp":23614,"data":{"avail":-1,"rxLen":10,"hdr2451":-1,"hdr2417":0,"tail2451":-1,"tail2417":-1,"payloadLen":10,"parsedCount":1}}
{"sessionId":"e9412c","runId":"post-fix","hypothesisId":"verify","location":"handleCompactFrame","message":"compact frame parsed","timestamp":23677,"data":{"avail":-1,"rxLen":10,"hdr2451":-1,"hdr2417":0,"tail2451":-1,"tail2417":-1,"payloadLen":10,"parsedCount":1}}
{"sessionId":"e9412c","runId":"post-fix","hypothesisId":"B","location":"pollRadar:scan","message":"serial ingest snapshot","timestamp":23700,"data":{"avail":45,"rxLen":112,"hdr2451":-1,"hdr2417":2,"tail2451":-1,"tail2417":-1,"payloadLen":-1,"parsedCount":-1}}
{"sessionId":"e9412c","runId":"post-fix","hypothesisId":"B","location":"pollRadar:sample","message":"rx buffer sample","timestamp":23733,"data":{"hex":"03 02 AA AA 05 BC 02 8D 03 B0 0F 03 AA AA 04 BC"}}
{"sessionId":"e9412c","runId":"post-fix","hypothesisId":"verify","location":"handleCompactFrame","message":"compact frame parsed","timestamp":23745,"data":{"avail":-1,"rxLen":10,"hdr2451":-1,"hdr2417":0,"tail2451":-1,"tail2417":-1,"payloadLen":10,"parsedCount":1}}
{"sessionId":"e9412c","runId":"post-fix","hypothesisId":"verify","location":"handleCompactFrame","message":"compact frame parsed","timestamp":23804,"data":{"avail":-1,"rxLen":10,"hdr2451":-1,"hdr2417":0,"tail2451":-1,"tail2417":-1,"payloadLen":10,"parsedCount":1}}
{"sessionId":"e9412c","runId":"post-fix","hypothesisId":"verify","location":"handleCompactFrame","message":"compact frame parsed","timestamp":23866,"data":{"avail":-1,"rxLen":10,"hdr2451":-1,"hdr2417":0,"tail2451":-1,"tail2417":-1,"payloadLen":10,"parsedCount":1}}
{"sessionId":"e9412c","runId":"post-fix","hypothesisId":"verify","location":"handleCompactFrame","message":"compact frame parsed","timestamp":23930,"data":{"avail":-1,"rxLen":10,"hdr2451":-1,"hdr2417":0,"tail2451":-1,"tail2417":-1,"payloadLen":10,"parsedCount":1}}
{"sessionId":"e9412c","runId":"post-fix","hypothesisId":"verify","location":"handleCompactFrame","message":"compact frame parsed","timestamp":24001,"data":{"avail":-1,"rxLen":10,"hdr2451":-1,"hdr2417":0,"tail2451":-1,"tail2417":-1,"payloadLen":10,"parsedCount":1}}
{"sessionId":"e9412c","runId":"post-fix","hypothesisId":"verify","location":"handleCompactFrame","message":"compact frame parsed","timestamp":24062,"data":{"avail":-1,"rxLen":10,"hdr2451":-1,"hdr2417":0,"tail2451":-1,"tail2417":-1,"payloadLen":10,"parsedCount":1}}
{"sessionId":"e9412c","runId":"post-fix","hypothesisId":"verify","location":"handleCompactFrame","message":"compact frame parsed","timestamp":24131,"data":{"avail":-1,"rxLen":10,"hdr2451":-1,"hdr2417":0,"tail2451":-1,"tail2417":-1,"payloadLen":10,"parsedCount":1}}
{"sessionId":"e9412c","runId":"post-fix","hypothesisId":"verify","location":"handleCompactFrame","message":"compact frame parsed","timestamp":24197,"data":{"avail":-1,"rxLen":10,"hdr2451":-1,"hdr2417":0,"tail2451":-1,"tail2417":-1,"payloadLen":10,"parsedCount":1}}
{"sessionId":"e9412c","runId":"post-fix","hypothesisId":"B","location":"pollRadar:scan","message":"serial ingest snapshot","timestamp":24221,"data":{"avail":45,"rxLen":112,"hdr2451":-1,"hdr2417":2,"tail2451":-1,"tail2417":-1,"payloadLen":-1,"parsedCount":-1}}
{"sessionId":"e9412c","runId":"post-fix","hypothesisId":"B","location":"pollRadar:sample","message":"rx buffer sample","timestamp":24254,"data":{"hex":"1A 01 AA AA 05 BC 02 D0 01 F8 1A 01 AA AA 05 BC"}}
{"sessionId":"e9412c","runId":"post-fix","hypothesisId":"verify","location":"handleCompactFrame","message":"compact frame parsed","timestamp":24268,"data":{"avail":-1,"rxLen":10,"hdr2451":-1,"hdr2417":0,"tail2451":-1,"tail2417":-1,"payloadLen":10,"parsedCount":1}}
{"sessionId":"e9412c","runId":"post-fix","hypothesisId":"verify","location":"handleCompactFrame","message":"compact frame parsed","timestamp":24330,"data":{"avail":-1,"rxLen":10,"hdr2451":-1,"hdr2417":0,"tail2451":-1,"tail2417":-1,"payloadLen":10,"parsedCount":1}}
{"sessionId":"e9412c","runId":"post-fix","hypothesisId":"verify","location":"handleCompactFrame","message":"compact frame parsed","timestamp":24397,"data":{"avail":-1,"rxLen":10,"hdr2451":-1,"hdr2417":0,"tail2451":-1,"tail2417":-1,"payloadLen":10,"parsedCount":1}}
{"sessionId":"e9412c","runId":"post-fix","hypothesisId":"verify","location":"handleCompactFrame","message":"compact frame parsed","timestamp":24462,"data":{"avail":-1,"rxLen":10,"hdr2451":-1,"hdr2417":0,"tail2451":-1,"tail2417":-1,"payloadLen":10,"parsedCount":1}}
{"sessionId":"e9412c","runId":"post-fix","hypothesisId":"verify","location":"handleCompactFrame","message":"compact frame parsed","timestamp":24528,"data":{"avail":-1,"rxLen":10,"hdr2451":-1,"hdr2417":0,"tail2451":-1,"tail2417":-1,"payloadLen":10,"parsedCount":1}}
{"sessionId":"e9412c","runId":"post-fix","hypothesisId":"verify","location":"handleCompactFrame","message":"compact frame parsed","timestamp":24597,"data":{"avail":-1,"rxLen":10,"hdr2451":-1,"hdr2417":0,"tail2451":-1,"tail2417":-1,"payloadLen":10,"parsedCount":1}}
{"sessionId":"e9412c","runId":"post-fix","hypothesisId":"verify","location":"handleCompactFrame","message":"compact frame parsed","timestamp":24662,"data":{"avail":-1,"rxLen":10,"hdr2451":-1,"hdr2417":0,"tail2451":-1,"tail2417":-1,"payloadLen":10,"parsedCount":1}}
{"sessionId":"e9412c","runId":"post-fix","hypothesisId":"B","location":"pollRadar:scan","message":"serial ingest snapshot","timestamp":24721,"data":{"avail":0,"rxLen":102,"hdr2451":-1,"hdr2417":2,"tail2451":-1,"tail2417":-1,"payloadLen":-1,"parsedCount":-1}}
{"sessionId":"e9412c","runId":"post-fix","hypothesisId":"B","location":"pollRadar:sample","message":"rx buffer sample","timestamp":24754,"data":{"hex":"03 02 AA AA 03 C1 02 85 01 2D 04 02 AA AA 04 C1"}}
{"sessionId":"e9412c","runId":"post-fix","hypothesisId":"verify","location":"handleCompactFrame","message":"compact frame parsed","timestamp":24755,"data":{"avail":-1,"rxLen":10,"hdr2451":-1,"hdr2417":0,"tail2451":-1,"tail2417":-1,"payloadLen":10,"parsedCount":1}}
{"sessionId":"e9412c","runId":"post-fix","hypothesisId":"verify","location":"handleCompactFrame","message":"compact frame parsed","timestamp":24790,"data":{"avail":-1,"rxLen":10,"hdr2451":-1,"hdr2417":0,"tail2451":-1,"tail2417":-1,"payloadLen":10,"parsedCount":1}}
{"sessionId":"e9412c","runId":"post-fix","hypothesisId":"verify","location":"handleCompactFrame","message":"compact frame parsed","timestamp":24851,"data":{"avail":-1,"rxLen":10,"hdr2451":-1,"hdr2417":0,"tail2451":-1,"tail2417":-1,"payloadLen":10,"parsedCount":1}}
{"sessionId":"e9412c","runId":"post-fix","hypothesisId":"verify","location":"handleCompactFrame","message":"compact frame parsed","timestamp":24916,"data":{"avail":-1,"rxLen":10,"hdr2451":-1,"hdr2417":0,"tail2451":-1,"tail2417":-1,"payloadLen":10,"parsedCount":1}}
{"sessionId":"e9412c","runId":"post-fix","hypothesisId":"verify","location":"handleCompactFrame","message":"compact frame parsed","timestamp":24979,"data":{"avail":-1,"rxLen":10,"hdr2451":-1,"hdr2417":0,"tail2451":-1,"tail2417":-1,"payloadLen":10,"parsedCount":1}}
{"sessionId":"e9412c","runId":"post-fix","hypothesisId":"verify","location":"handleCompactFrame","message":"compact frame parsed","timestamp":25042,"data":{"avail":-1,"rxLen":10,"hdr2451":-1,"hdr2417":0,"tail2451":-1,"tail2417":-1,"payloadLen":10,"parsedCount":1}}
{"sessionId":"e9412c","runId":"post-fix","hypothesisId":"verify","location":"handleCompactFrame","message":"compact frame parsed","timestamp":25108,"data":{"avail":-1,"rxLen":10,"hdr2451":-1,"hdr2417":0,"tail2451":-1,"tail2417":-1,"payloadLen":10,"parsedCount":1}}
{"sessionId":"e9412c","runId":"post-fix","hypothesisId":"verify","location":"handleCompactFrame","message":"compact frame parsed","timestamp":25174,"data":{"avail":-1,"rxLen":10,"hdr2451":-1,"hdr2417":0,"tail2451":-1,"tail2417":-1,"payloadLen":10,"parsedCount":1}}
{"sessionId":"e9412c","runId":"post-fix","hypothesisId":"B","location":"pollRadar:scan","message":"serial ingest snapshot","timestamp":25221,"data":{"avail":0,"rxLen":114,"hdr2451":-1,"hdr2417":2,"tail2451":-1,"tail2417":-1,"payloadLen":-1,"parsedCount":-1}}
{"sessionId":"e9412c","runId":"post-fix","hypothesisId":"B","location":"pollRadar:sample","message":"rx buffer sample","timestamp":25254,"data":{"hex":"17 01 AA AA 06 BC 02 7B 02 3B 17 01 AA AA 07 BC"}}
{"sessionId":"e9412c","runId":"post-fix","hypothesisId":"verify","location":"handleCompactFrame","message":"compact frame parsed","timestamp":25255,"data":{"avail":-1,"rxLen":10,"hdr2451":-1,"hdr2417":0,"tail2451":-1,"tail2417":-1,"payloadLen":10,"parsedCount":1}}
{"sessionId":"e9412c","runId":"post-fix","hypothesisId":"verify","location":"handleCompactFrame","message":"compact frame parsed","timestamp":25301,"data":{"avail":-1,"rxLen":10,"hdr2451":-1,"hdr2417":0,"tail2451":-1,"tail2417":-1,"payloadLen":10,"parsedCount":1}}
{"sessionId":"e9412c","runId":"post-fix","hypothesisId":"verify","location":"handleCompactFrame","message":"compact frame parsed","timestamp":25365,"data":{"avail":-1,"rxLen":10,"hdr2451":-1,"hdr2417":0,"tail2451":-1,"tail2417":-1,"payloadLen":10,"parsedCount":1}}
{"sessionId":"e9412c","runId":"post-fix","hypothesisId":"verify","location":"handleCompactFrame","message":"compact frame parsed","timestamp":25426,"data":{"avail":-1,"rxLen":10,"hdr2451":-1,"hdr2417":0,"tail2451":-1,"tail2417":-1,"payloadLen":10,"parsedCount":1}}
{"sessionId":"e9412c","runId":"post-fix","hypothesisId":"verify","location":"handleCompactFrame","message":"compact frame parsed","timestamp":25486,"data":{"avail":-1,"rxLen":10,"hdr2451":-1,"hdr2417":0,"tail2451":-1,"tail2417":-1,"payloadLen":10,"parsedCount":1}}
{"sessionId":"e9412c","runId":"post-fix","hypothesisId":"verify","location":"handleCompactFrame","message":"compact frame parsed","timestamp":25554,"data":{"avail":-1,"rxLen":10,"hdr2451":-1,"hdr2417":0,"tail2451":-1,"tail2417":-1,"payloadLen":10,"parsedCount":1}}
{"sessionId":"e9412c","runId":"post-fix","hypothesisId":"verify","location":"handleCompactFrame","message":"compact frame parsed","timestamp":25619,"data":{"avail":-1,"rxLen":10,"hdr2451":-1,"hdr2417":0,"tail2451":-1,"tail2417":-1,"payloadLen":10,"parsedCount":1}}
{"sessionId":"e9412c","runId":"post-fix","hypothesisId":"verify","location":"handleCompactFrame","message":"compact frame parsed","timestamp":25680,"data":{"avail":-1,"rxLen":10,"hdr2451":-1,"hdr2417":0,"tail2451":-1,"tail2417":-1,"payloadLen":10,"parsedCount":1}}
{"sessionId":"e9412c","runId":"post-fix","hypothesisId":"B","location":"pollRadar:scan","message":"serial ingest snapshot","timestamp":25721,"data":{"avail":0,"rxLen":113,"hdr2451":-1,"hdr2417":2,"tail2451":-1,"tail2417":-1,"payloadLen":-1,"parsedCount":-1}}
{"sessionId":"e9412c","runId":"post-fix","hypothesisId":"B","location":"pollRadar:sample","message":"rx buffer sample","timestamp":25754,"data":{"hex":"14 03 AA AA 04 F7 02 B6 02 A5 14 01 AA AA 05 F7"}}
{"sessionId":"e9412c","runId":"post-fix","hypothesisId":"verify","location":"handleCompactFrame","message":"compact frame parsed","timestamp":25755,"data":{"avail":-1,"rxLen":10,"hdr2451":-1,"hdr2417":0,"tail2451":-1,"tail2417":-1,"payloadLen":10,"parsedCount":1}}
{"sessionId":"e9412c","runId":"post-fix","hypothesisId":"verify","location":"handleCompactFrame","message":"compact frame parsed","timestamp":25818,"data":{"avail":-1,"rxLen":10,"hdr2451":-1,"hdr2417":0,"tail2451":-1,"tail2417":-1,"payloadLen":10,"parsedCount":1}}
{"sessionId":"e9412c","runId":"post-fix","hypothesisId":"verify","location":"handleCompactFrame","message":"compact frame parsed","timestamp":25884,"data":{"avail":-1,"rxLen":10,"hdr2451":-1,"hdr2417":0,"tail2451":-1,"tail2417":-1,"payloadLen":10,"parsedCount":1}}
{"sessionId":"e9412c","runId":"post-fix","hypothesisId":"verify","location":"handleCompactFrame","message":"compact frame parsed","timestamp":25946,"data":{"avail":-1,"rxLen":10,"hdr2451":-1,"hdr2417":0,"tail2451":-1,"tail2417":-1,"payloadLen":10,"parsedCount":1}}
{"sessionId":"e9412c","runId":"post-fix","hypothesisId":"verify","location":"handleCompactFrame","message":"compact frame parsed","timestamp":26007,"data":{"avail":-1,"rxLen":10,"hdr2451":-1,"hdr2417":0,"tail2451":-1,"tail2417":-1,"payloadLen":10,"parsedCount":1}}
{"sessionId":"e9412c","runId":"post-fix","hypothesisId":"B","location":"pollRadar:scan","message":"serial ingest snapshot","timestamp":26221,"data":{"avail":0,"rxLen":97,"hdr2451":-1,"hdr2417":2,"tail2451":-1,"tail2417":85,"payloadLen":-1,"parsedCount":-1}}
{"sessionId":"e9412c","runId":"post-fix","hypothesisId":"B","location":"pollRadar:sample","message":"rx buffer sample","timestamp":26254,"data":{"hex":"06 02 AA AA 02 14 02 E7 01 52 1F 03 AA AA 02 14"}}
{"sessionId":"e9412c","runId":"post-fix","hypothesisId":"verify","location":"handleCompactFrame","message":"compact frame parsed","timestamp":26398,"data":{"avail":-1,"rxLen":10,"hdr2451":-1,"hdr2417":0,"tail2451":-1,"tail2417":-1,"payloadLen":10,"parsedCount":1}}
{"sessionId":"e9412c","runId":"post-fix","hypothesisId":"verify","location":"handleCompactFrame","message":"compact frame parsed","timestamp":26459,"data":{"avail":-1,"rxLen":10,"hdr2451":-1,"hdr2417":0,"tail2451":-1,"tail2417":-1,"payloadLen":10,"parsedCount":1}}
{"sessionId":"e9412c","runId":"post-fix","hypothesisId":"verify","location":"handleCompactFrame","message":"compact frame parsed","timestamp":26524,"data":{"avail":-1,"rxLen":10,"hdr2451":-1,"hdr2417":0,"tail2451":-1,"tail2417":-1,"payloadLen":10,"parsedCount":1}}
{"sessionId":"e9412c","runId":"post-fix","hypothesisId":"B","location":"pollRadar:scan","message":"serial ingest snapshot","timestamp":26721,"data":{"avail":0,"rxLen":87,"hdr2451":-1,"hdr2417":7,"tail2451":-1,"tail2417":20,"payloadLen":-1,"parsedCount":-1}}
{"sessionId":"e9412c","runId":"post-fix","hypothesisId":"B","location":"pollRadar:sample","message":"rx buffer sample","timestamp":26754,"data":{"hex":"18 02 FB 01 76 09 00 AA AA 02 18 02 CF 01 76 09"}}
{"sessionId":"e9412c","runId":"post-fix","hypothesisId":"B","location":"pollRadar:scan","message":"serial ingest snapshot","timestamp":27221,"data":{"avail":0,"rxLen":67,"hdr2451":-1,"hdr2417":7,"tail2451":-1,"tail2417":20,"payloadLen":-1,"parsedCount":-1}}
{"sessionId":"e9412c","runId":"post-fix","hypothesisId":"B","location":"pollRadar:sample","message":"rx buffer sample","timestamp":27254,"data":{"hex":"50 01 F8 02 54 1C 03 AA AA 01 50 01 76 02 54 1C"}}
{"sessionId":"e9412c","runId":"post-fix","hypothesisId":"B","location":"pollRadar:scan","message":"serial ingest snapshot","timestamp":27721,"data":{"avail":0,"rxLen":32,"hdr2451":-1,"hdr2417":2,"tail2451":-1,"tail2417":5,"payloadLen":-1,"parsedCount":-1}}
{"sessionId":"e9412c","runId":"post-fix","hypothesisId":"B","location":"pollRadar:sample","message":"rx buffer sample","timestamp":27754,"data":{"hex":"55 55 AA AA 00 55 55 AA AA 00 55 55 AA AA 00 55"}}
{"sessionId":"e9412c","runId":"post-fix","hypothesisId":"B","location":"pollRadar:scan","message":"serial ingest snapshot","timestamp":28221,"data":{"avail":0,"rxLen":32,"hdr2451":-1,"hdr2417":2,"tail2451":-1,"tail2417":5,"payloadLen":-1,"parsedCount":-1}}
{"sessionId":"e9412c","runId":"post-fix","hypothesisId":"B","location":"pollRadar:sample","message":"rx buffer sample","timestamp":28254,"data":{"hex":"55 55 AA AA 00 55 55 AA AA 00 55 55 AA AA 00 55"}}
{"sessionId":"e9412c","runId":"post-fix","hypothesisId":"B","location":"pollRadar:scan","message":"serial ingest snapshot","timestamp":28721,"data":{"avail":0,"rxLen":32,"hdr2451":-1,"hdr2417":2,"tail2451":-1,"tail2417":5,"payloadLen":-1,"parsedCount":-1}}
{"sessionId":"e9412c","runId":"post-fix","hypothesisId":"B","location":"pollRadar:sample","message":"rx buffer sample","timestamp":28754,"data":{"hex":"55 55 AA AA 00 55 55 AA AA 00 55 55 AA AA 00 55"}}
{"sessionId":"e9412c","runId":"post-fix","hypothesisId":"B","location":"pollRadar:scan","message":"serial ingest snapshot","timestamp":29221,"data":{"avail":0,"rxLen":32,"hdr2451":-1,"hdr2417":2,"tail2451":-1,"tail2417":5,"payloadLen":-1,"parsedCount":-1}}
{"sessionId":"e9412c","runId":"post-fix","hypothesisId":"B","location":"pollRadar:sample","message":"rx buffer sample","timestamp":29254,"data":{"hex":"55 55 AA AA 00 55 55 AA AA 00 55 55 AA AA 00 55"}}
{"sessionId":"e9412c","runId":"post-fix","hypothesisId":"B","location":"pollRadar:scan","message":"serial ingest snapshot","timestamp":29721,"data":{"avail":0,"rxLen":32,"hdr2451":-1,"hdr2417":2,"tail2451":-1,"tail2417":5,"payloadLen":-1,"parsedCount":-1}}
{"sessionId":"e9412c","runId":"post-fix","hypothesisId":"B","location":"pollRadar:sample","message":"rx buffer sample","timestamp":29754,"data":{"hex":"55 55 AA AA 00 55 55 AA AA 00 55 55 AA AA 00 55"}}
{"sessionId":"e9412c","runId":"post-fix","hypothesisId":"B","location":"pollRadar:scan","message":"serial ingest snapshot","timestamp":30221,"data":{"avail":0,"rxLen":32,"hdr2451":-1,"hdr2417":2,"tail2451":-1,"tail2417":5,"payloadLen":-1,"parsedCount":-1}}
{"sessionId":"e9412c","runId":"post-fix","hypothesisId":"B","location":"pollRadar:sample","message":"rx buffer sample","timestamp":30254,"data":{"hex":"55 55 AA AA 00 55 55 AA AA 00 55 55 AA AA 00 55"}}
{"sessionId":"e9412c","runId":"post-fix","hypothesisId":"B","location":"pollRadar:scan","message":"serial ingest snapshot","timestamp":30721,"data":{"avail":0,"rxLen":32,"hdr2451":-1,"hdr2417":2,"tail2451":-1,"tail2417":5,"payloadLen":-1,"parsedCount":-1}}
{"sessionId":"e9412c","runId":"post-fix","hypothesisId":"B","location":"pollRadar:sample","message":"rx buffer sample","timestamp":30754,"data":{"hex":"55 55 AA AA 00 55 55 AA AA 00 55 55 AA AA 00 55"}}
{"sessionId":"e9412c","runId":"post-fix","hypothesisId":"B","location":"pollRadar:scan","message":"serial ingest snapshot","timestamp":31221,"data":{"avail":0,"rxLen":32,"hdr2451":-1,"hdr2417":2,"tail2451":-1,"tail2417":5,"payloadLen":-1,"parsedCount":-1}}
{"sessionId":"e9412c","runId":"post-fix","hypothesisId":"B","location":"pollRadar:sample","message":"rx buffer sample","timestamp":31254,"data":{"hex":"55 55 AA AA 00 55 55 AA AA 00 55 55 AA AA 00 55"}}
{"sessionId":"e9412c","runId":"post-fix","hypothesisId":"B","location":"pollRadar:scan","message":"serial ingest snapshot","timestamp":31721,"data":{"avail":0,"rxLen":32,"hdr2451":-1,"hdr2417":2,"tail2451":-1,"tail2417":5,"payloadLen":-1,"parsedCount":-1}}
{"sessionId":"e9412c","runId":"post-fix","hypothesisId":"B","location":"pollRadar:sample","message":"rx buffer sample","timestamp":31754,"data":{"hex":"55 55 AA AA 00 55 55 AA AA 00 55 55 AA AA 00 55"}}
{"sessionId":"e9412c","runId":"post-fix","hypothesisId":"B","location":"pollRadar:scan","message":"serial ingest snapshot","timestamp":32221,"data":{"avail":0,"rxLen":32,"hdr2451":-1,"hdr2417":2,"tail2451":-1,"tail2417":5,"payloadLen":-1,"parsedCount":-1}}
{"sessionId":"e9412c","runId":"post-fix","hypothesisId":"B","location":"pollRadar:sample","message":"rx buffer sample","timestamp":32254,"data":{"hex":"55 55 AA AA 00 55 55 AA AA 00 55 55 AA AA 00 55"}}
{"sessionId":"e9412c","runId":"post-fix","hypothesisId":"B","location":"pollRadar:scan","message":"serial ingest snapshot","timestamp":32721,"data":{"avail":0,"rxLen":32,"hdr2451":-1,"hdr2417":2,"tail2451":-1,"tail2417":5,"payloadLen":-1,"parsedCount":-1}}
{"sessionId":"e9412c","runId":"post-fix","hypothesisId":"B","location":"pollRadar:sample","message":"rx buffer sample","timestamp":32754,"data":{"hex":"55 55 AA AA 00 55 55 AA AA 00 55 55 AA AA 00 55"}}
{"sessionId":"e9412c","runId":"post-fix","hypothesisId":"B","location":"pollRadar:scan","message":"serial ingest snapshot","timestamp":33221,"data":{"avail":0,"rxLen":32,"hdr2451":-1,"hdr2417":2,"tail2451":-1,"tail2417":5,"payloadLen":-1,"parsedCount":-1}}
{"sessionId":"e9412c","runId":"post-fix","hypothesisId":"B","location":"pollRadar:sample","message":"rx buffer sample","timestamp":33254,"data":{"hex":"55 55 AA AA 00 55 55 AA AA 00 55 55 AA AA 00 55"}}
{"sessionId":"e9412c","runId":"post-fix","hypothesisId":"B","location":"pollRadar:scan","message":"serial ingest snapshot","timestamp":33721,"data":{"avail":0,"rxLen":32,"hdr2451":-1,"hdr2417":2,"tail2451":-1,"tail2417":5,"payloadLen":-1,"parsedCount":-1}}
{"sessionId":"e9412c","runId":"post-fix","hypothesisId":"B","location":"pollRadar:sample","message":"rx buffer sample","timestamp":33754,"data":{"hex":"55 55 AA AA 00 55 55 AA AA 00 55 55 AA AA 00 55"}}
{"sessionId":"e9412c","runId":"post-fix","hypothesisId":"B","location":"pollRadar:scan","message":"serial ingest snapshot","timestamp":34221,"data":{"avail":0,"rxLen":32,"hdr2451":-1,"hdr2417":2,"tail2451":-1,"tail2417":5,"payloadLen":-1,"parsedCount":-1}}
{"sessionId":"e9412c","runId":"post-fix","hypothesisId":"B","location":"pollRadar:sample","message":"rx buffer sample","timestamp":34254,"data":{"hex":"55 55 AA AA 00 55 55 AA AA 00 55 55 AA AA 00 55"}}
{"sessionId":"e9412c","runId":"post-fix","hypothesisId":"B","location":"pollRadar:scan","message":"serial ingest snapshot","timestamp":34721,"data":{"avail":0,"rxLen":32,"hdr2451":-1,"hdr2417":2,"tail2451":-1,"tail2417":5,"payloadLen":-1,"parsedCount":-1}}
{"sessionId":"e9412c","runId":"post-fix","hypothesisId":"B","location":"pollRadar:sample","message":"rx buffer sample","timestamp":34754,"data":{"hex":"55 55 AA AA 00 55 55 AA AA 00 55 55 AA AA 00 55"}}
{"sessionId":"e9412c","runId":"post-fix","hypothesisId":"B","location":"pollRadar:scan","message":"serial ingest snapshot","timestamp":35221,"data":{"avail":0,"rxLen":32,"hdr2451":-1,"hdr2417":2,"tail2451":-1,"tail2417":5,"payloadLen":-1,"parsedCount":-1}}
{"sessionId":"e9412c","runId":"post-fix","hypothesisId":"B","location":"pollRadar:sample","message":"rx buffer sample","timestamp":35254,"data":{"hex":"55 55 AA AA 00 55 55 AA AA 00 55 55 AA AA 00 55"}}
{"sessionId":"e9412c","runId":"post-fix","hypothesisId":"B","location":"pollRadar:scan","message":"serial ingest snapshot","timestamp":35721,"data":{"avail":0,"rxLen":32,"hdr2451":-1,"hdr2417":2,"tail2451":-1,"tail2417":5,"payloadLen":-1,"parsedCount":-1}}
{"sessionId":"e9412c","runId":"post-fix","hypothesisId":"B","location":"pollRadar:sample","message":"rx buffer sample","timestamp":35754,"data":{"hex":"55 55 AA AA 00 55 55 AA AA 00 55 55 AA AA 00 55"}}
{"sessionId":"e9412c","runId":"post-fix","hypothesisId":"B","location":"pollRadar:scan","message":"serial ingest snapshot","timestamp":36221,"data":{"avail":0,"rxLen":32,"hdr2451":-1,"hdr2417":2,"tail2451":-1,"tail2417":5,"payloadLen":-1,"parsedCount":-1}}
{"sessionId":"e9412c","runId":"post-fix","hypothesisId":"B","location":"pollRadar:sample","message":"rx buffer sample","timestamp":36254,"data":{"hex":"55 55 AA AA 00 55 55 AA AA 00 55 55 AA AA 00 55"}}
{"sessionId":"e9412c","runId":"post-fix","hypothesisId":"B","location":"pollRadar:scan","message":"serial ingest snapshot","timestamp":36721,"data":{"avail":0,"rxLen":32,"hdr2451":-1,"hdr2417":2,"tail2451":-1,"tail2417":5,"payloadLen":-1,"parsedCount":-1}}
{"sessionId":"e9412c","runId":"post-fix","hypothesisId":"B","location":"pollRadar:sample","message":"rx buffer sample","timestamp":36754,"data":{"hex":"55 55 AA AA 00 55 55 AA AA 00 55 55 AA AA 00 55"}}
{"sessionId":"e9412c","runId":"post-fix","hypothesisId":"B","location":"pollRadar:scan","message":"serial ingest snapshot","timestamp":37221,"data":{"avail":0,"rxLen":32,"hdr2451":-1,"hdr2417":2,"tail2451":-1,"tail2417":5,"payloadLen":-1,"parsedCount":-1}}
{"sessionId":"e9412c","runId":"post-fix","hypothesisId":"B","location":"pollRadar:sample","message":"rx buffer sample","timestamp":37254,"data":{"hex":"55 55 AA AA 00 55 55 AA AA 00 55 55 AA AA 00 55"}}
{"sessionId":"e9412c","runId":"post-fix","hypothesisId":"B","location":"pollRadar:scan","message":"serial ingest snapshot","timestamp":37721,"data":{"avail":0,"rxLen":32,"hdr2451":-1,"hdr2417":2,"tail2451":-1,"tail2417":5,"payloadLen":-1,"parsedCount":-1}}
{"sessionId":"e9412c","runId":"post-fix","hypothesisId":"B","location":"pollRadar:sample","message":"rx buffer sample","timestamp":37754,"data":{"hex":"55 55 AA AA 00 55 55 AA AA 00 55 55 AA AA 00 55"}}
{"sessionId":"e9412c","runId":"post-fix","hypothesisId":"B","location":"pollRadar:scan","message":"serial ingest snapshot","timestamp":38221,"data":{"avail":0,"rxLen":32,"hdr2451":-1,"hdr2417":2,"tail2451":-1,"tail2417":5,"payloadLen":-1,"parsedCount":-1}}
{"sessionId":"e9412c","runId":"post-fix","hypothesisId":"B","location":"pollRadar:sample","message":"rx buffer sample","timestamp":38254,"data":{"hex":"55 55 AA AA 00 55 55 AA AA 00 55 55 AA AA 00 55"}}
{"sessionId":"e9412c","runId":"post-fix","hypothesisId":"B","location":"pollRadar:scan","message":"serial ingest snapshot","timestamp":38721,"data":{"avail":0,"rxLen":32,"hdr2451":-1,"hdr2417":2,"tail2451":-1,"tail2417":5,"payloadLen":-1,"parsedCount":-1}}
{"sessionId":"e9412c","runId":"post-fix","hypothesisId":"B","location":"pollRadar:sample","message":"rx buffer sample","timestamp":38754,"data":{"hex":"55 55 AA AA 00 55 55 AA AA 00 55 55 AA AA 00 55"}}
{"sessionId":"e9412c","runId":"post-fix","hypothesisId":"B","location":"pollRadar:scan","message":"serial ingest snapshot","timestamp":39221,"data":{"avail":0,"rxLen":32,"hdr2451":-1,"hdr2417":2,"tail2451":-1,"tail2417":5,"payloadLen":-1,"parsedCount":-1}}
{"sessionId":"e9412c","runId":"post-fix","hypothesisId":"B","location":"pollRadar:sample","message":"rx buffer sample","timestamp":39254,"data":{"hex":"55 55 AA AA 00 55 55 AA AA 00 55 55 AA AA 00 55"}}
{"sessionId":"e9412c","runId":"post-fix","hypothesisId":"B","location":"pollRadar:scan","message":"serial ingest snapshot","timestamp":39721,"data":{"avail":0,"rxLen":32,"hdr2451":-1,"hdr2417":2,"tail2451":-1,"tail2417":5,"payloadLen":-1,"parsedCount":-1}}
{"sessionId":"e9412c","runId":"post-fix","hypothesisId":"B","location":"pollRadar:sample","message":"rx buffer sample","timestamp":39754,"data":{"hex":"55 55 AA AA 00 55 55 AA AA 00 55 55 AA AA 00 55"}}
{"sessionId":"e9412c","runId":"post-fix","hypothesisId":"B","location":"pollRadar:scan","message":"serial ingest snapshot","timestamp":40221,"data":{"avail":0,"rxLen":32,"hdr2451":-1,"hdr2417":2,"tail2451":-1,"tail2417":5,"payloadLen":-1,"parsedCount":-1}}
{"sessionId":"e9412c","runId":"post-fix","hypothesisId":"B","location":"pollRadar:sample","message":"rx buffer sample","timestamp":40254,"data":{"hex":"55 55 AA AA 00 55 55 AA AA 00 55 55 AA AA 00 55"}}
{"sessionId":"e9412c","runId":"post-fix","hypothesisId":"B","location":"pollRadar:scan","message":"serial ingest snapshot","timestamp":40721,"data":{"avail":0,"rxLen":32,"hdr2451":-1,"hdr2417":2,"tail2451":-1,"tail2417":5,"payloadLen":-1,"parsedCount":-1}}
{"sessionId":"e9412c","runId":"post-fix","hypothesisId":"B","location":"pollRadar:sample","message":"rx buffer sample","timestamp":40754,"data":{"hex":"55 55 AA AA 00 55 55 AA AA 00 55 55 AA AA 00 55"}}
{"sessionId":"e9412c","runId":"post-fix","hypothesisId":"B","location":"pollRadar:scan","message":"serial ingest snapshot","timestamp":41221,"data":{"avail":0,"rxLen":32,"hdr2451":-1,"hdr2417":2,"tail2451":-1,"tail2417":5,"payloadLen":-1,"parsedCount":-1}}
{"sessionId":"e9412c","runId":"post-fix","hypothesisId":"B","location":"pollRadar:sample","message":"rx buffer sample","timestamp":41254,"data":{"hex":"55 55 AA AA 00 55 55 AA AA 00 55 55 AA AA 00 55"}}
{"sessionId":"e9412c","runId":"post-fix","hypothesisId":"B","location":"pollRadar:scan","message":"serial ingest snapshot","timestamp":41721,"data":{"avail":0,"rxLen":32,"hdr2451":-1,"hdr2417":2,"tail2451":-1,"tail2417":5,"payloadLen":-1,"parsedCount":-1}}
{"sessionId":"e9412c","runId":"post-fix","hypothesisId":"B","location":"pollRadar:sample","message":"rx buffer sample","timestamp":41754,"data":{"hex":"55 55 AA AA 00 55 55 AA AA 00 55 55 AA AA 00 55"}}
{"sessionId":"e9412c","runId":"post-fix","hypothesisId":"B","location":"pollRadar:scan","message":"serial ingest snapshot","timestamp":42221,"data":{"avail":0,"rxLen":32,"hdr2451":-1,"hdr2417":2,"tail2451":-1,"tail2417":5,"payloadLen":-1,"parsedCount":-1}}
{"sessionId":"e9412c","runId":"post-fix","hypothesisId":"B","location":"pollRadar:sample","message":"rx buffer sample","timestamp":42254,"data":{"hex":"55 55 AA AA 00 55 55 AA AA 00 55 55 AA AA 00 55"}}
{"sessionId":"e9412c","runId":"post-fix","hypothesisId":"B","location":"pollRadar:scan","message":"serial ingest snapshot","timestamp":42721,"data":{"avail":0,"rxLen":32,"hdr2451":-1,"hdr2417":2,"tail2451":-1,"tail2417":5,"payloadLen":-1,"parsedCount":-1}}
{"sessionId":"e9412c","runId":"post-fix","hypothesisId":"B","location":"pollRadar:sample","message":"rx buffer sample","timestamp":42754,"data":{"hex":"55 55 AA AA 00 55 55 AA AA 00 55 55 AA AA 00 55"}}
{"sessionId":"e9412c","runId":"post-fix","hypothesisId":"B","location":"pollRadar:scan","message":"serial ingest snapshot","timestamp":43221,"data":{"avail":0,"rxLen":32,"hdr2451":-1,"hdr2417":2,"tail2451":-1,"tail2417":5,"payloadLen":-1,"parsedCount":-1}}
{"sessionId":"e9412c","runId":"post-fix","hypothesisId":"B","location":"pollRadar:sample","message":"rx buffer sample","timestamp":43254,"data":{"hex":"55 55 AA AA 00 55 55 AA AA 00 55 55 AA AA 00 55"}}
{"sessionId":"e9412c","runId":"post-fix","hypothesisId":"B","location":"pollRadar:scan","message":"serial ingest snapshot","timestamp":43721,"data":{"avail":0,"rxLen":32,"hdr2451":-1,"hdr2417":2,"tail2451":-1,"tail2417":5,"payloadLen":-1,"parsedCount":-1}}
{"sessionId":"e9412c","runId":"post-fix","hypothesisId":"B","location":"pollRadar:sample","message":"rx buffer sample","timestamp":43754,"data":{"hex":"55 55 AA AA 00 55 55 AA AA 00 55 55 AA AA 00 55"}}
{"sessionId":"e9412c","runId":"post-fix","hypothesisId":"B","location":"pollRadar:scan","message":"serial ingest snapshot","timestamp":44221,"data":{"avail":0,"rxLen":32,"hdr2451":-1,"hdr2417":2,"tail2451":-1,"tail2417":5,"payloadLen":-1,"parsedCount":-1}}
{"sessionId":"e9412c","runId":"post-fix","hypothesisId":"B","location":"pollRadar:sample","message":"rx buffer sample","timestamp":44254,"data":{"hex":"55 55 AA AA 00 55 55 AA AA 00 55 55 AA AA 00 55"}}
{"sessionId":"e9412c","runId":"post-fix","hypothesisId":"B","location":"pollRadar:scan","message":"serial ingest snapshot","timestamp":44721,"data":{"avail":0,"rxLen":32,"hdr2451":-1,"hdr2417":2,"tail2451":-1,"tail2417":5,"payloadLen":-1,"parsedCount":-1}}
{"sessionId":"e9412c","runId":"post-fix","hypothesisId":"B","location":"pollRadar:sample","message":"rx buffer sample","timestamp":44754,"data":{"hex":"55 55 AA AA 00 55 55 AA AA 00 55 55 AA AA 00 55"}}
{"sessionId":"e9412c","runId":"post-fix","hypothesisId":"B","location":"pollRadar:scan","message":"serial ingest snapshot","timestamp":45221,"data":{"avail":0,"rxLen":32,"hdr2451":-1,"hdr2417":2,"tail2451":-1,"tail2417":5,"payloadLen":-1,"parsedCount":-1}}
{"sessionId":"e9412c","runId":"post-fix","hypothesisId":"B","location":"pollRadar:sample","message":"rx buffer sample","timestamp":45254,"data":{"hex":"55 55 AA AA 00 55 55 AA AA 00 55 55 AA AA 00 55"}}
{"sessionId":"e9412c","runId":"post-fix","hypothesisId":"B","location":"pollRadar:scan","message":"serial ingest snapshot","timestamp":45721,"data":{"avail":0,"rxLen":32,"hdr2451":-1,"hdr2417":2,"tail2451":-1,"tail2417":5,"payloadLen":-1,"parsedCount":-1}}
{"sessionId":"e9412c","runId":"post-fix","hypothesisId":"B","location":"pollRadar:sample","message":"rx buffer sample","timestamp":45754,"data":{"hex":"55 55 AA AA 00 55 55 AA AA 00 55 55 AA AA 00 55"}}
{"sessionId":"e9412c","runId":"post-fix","hypothesisId":"B","location":"pollRadar:scan","message":"serial ingest snapshot","timestamp":46221,"data":{"avail":0,"rxLen":32,"hdr2451":-1,"hdr2417":2,"tail2451":-1,"tail2417":5,"payloadLen":-1,"parsedCount":-1}}
{"sessionId":"e9412c","runId":"post-fix","hypothesisId":"B","location":"pollRadar:sample","message":"rx buffer sample","timestamp":46254,"data":{"hex":"55 55 AA AA 00 55 55 AA AA 00 55 55 AA AA 00 55"}}
{"sessionId":"e9412c","runId":"post-fix","hypothesisId":"B","location":"pollRadar:scan","message":"serial ingest snapshot","timestamp":46721,"data":{"avail":0,"rxLen":32,"hdr2451":-1,"hdr2417":2,"tail2451":-1,"tail2417":5,"payloadLen":-1,"parsedCount":-1}}
{"sessionId":"e9412c","runId":"post-fix","hypothesisId":"B","location":"pollRadar:sample","message":"rx buffer sample","timestamp":46754,"data":{"hex":"55 55 AA AA 00 55 55 AA AA 00 55 55 AA AA 00 55"}}
{"sessionId":"e9412c","runId":"post-fix","hypothesisId":"B","location":"pollRadar:scan","message":"serial ingest snapshot","timestamp":47221,"data":{"avail":0,"rxLen":32,"hdr2451":-1,"hdr2417":2,"tail2451":-1,"tail2417":5,"payloadLen":-1,"parsedCount":-1}}
{"sessionId":"e9412c","runId":"post-fix","hypothesisId":"B","location":"pollRadar:sample","message":"rx buffer sample","timestamp":47254,"data":{"hex":"55 55 AA AA 00 55 55 AA AA 00 55 55 AA AA 00 55"}}
{"sessionId":"e9412c","runId":"post-fix","hypothesisId":"B","location":"pollRadar:scan","message":"serial ingest snapshot","timestamp":47721,"data":{"avail":0,"rxLen":32,"hdr2451":-1,"hdr2417":2,"tail2451":-1,"tail2417":5,"payloadLen":-1,"parsedCount":-1}}
{"sessionId":"e9412c","runId":"post-fix","hypothesisId":"B","location":"pollRadar:sample","message":"rx buffer sample","timestamp":47754,"data":{"hex":"55 55 AA AA 00 55 55 AA AA 00 55 55 AA AA 00 55"}}
{"sessionId":"e9412c","runId":"post-fix","hypothesisId":"B","location":"pollRadar:scan","message":"serial ingest snapshot","timestamp":48221,"data":{"avail":0,"rxLen":32,"hdr2451":-1,"hdr2417":2,"tail2451":-1,"tail2417":5,"payloadLen":-1,"parsedCount":-1}}
{"sessionId":"e9412c","runId":"post-fix","hypothesisId":"B","location":"pollRadar:sample","message":"rx buffer sample","timestamp":48254,"data":{"hex":"55 55 AA AA 00 55 55 AA AA 00 55 55 AA AA 00 55"}}
{"sessionId":"e9412c","runId":"post-fix","hypothesisId":"B","location":"pollRadar:scan","message":"serial ingest snapshot","timestamp":48721,"data":{"avail":0,"rxLen":32,"hdr2451":-1,"hdr2417":2,"tail2451":-1,"tail2417":5,"payloadLen":-1,"parsedCount":-1}}
{"sessionId":"e9412c","runId":"post-fix","hypothesisId":"B","location":"pollRadar:sample","message":"rx buffer sample","timestamp":48754,"data":{"hex":"55 55 AA AA 00 55 55 AA AA 00 55 55 AA AA 00 55"}}
{"sessionId":"e9412c","runId":"post-fix","hypothesisId":"B","location":"pollRadar:scan","message":"serial ingest snapshot","timestamp":49221,"data":{"avail":0,"rxLen":32,"hdr2451":-1,"hdr2417":2,"tail2451":-1,"tail2417":5,"payloadLen":-1,"parsedCount":-1}}
{"sessionId":"e9412c","runId":"post-fix","hypothesisId":"B","location":"pollRadar:sample","message":"rx buffer sample","timestamp":49254,"data":{"hex":"55 55 AA AA 00 55 55 AA AA 00 55 55 AA AA 00 55"}}
{"sessionId":"e9412c","runId":"post-fix","hypothesisId":"B","location":"pollRadar:scan","message":"serial ingest snapshot","timestamp":49721,"data":{"avail":0,"rxLen":32,"hdr2451":-1,"hdr2417":2,"tail2451":-1,"tail2417":5,"payloadLen":-1,"parsedCount":-1}}
{"sessionId":"e9412c","runId":"post-fix","hypothesisId":"B","location":"pollRadar:sample","message":"rx buffer sample","timestamp":49754,"data":{"hex":"55 55 AA AA 00 55 55 AA AA 00 55 55 AA AA 00 55"}}
{"sessionId":"e9412c","runId":"post-fix","hypothesisId":"B","location":"pollRadar:scan","message":"serial ingest snapshot","timestamp":50221,"data":{"avail":0,"rxLen":32,"hdr2451":-1,"hdr2417":2,"tail2451":-1,"tail2417":5,"payloadLen":-1,"parsedCount":-1}}
{"sessionId":"e9412c","runId":"post-fix","hypothesisId":"B","location":"pollRadar:sample","message":"rx buffer sample","timestamp":50254,"data":{"hex":"55 55 AA AA 00 55 55 AA AA 00 55 55 AA AA 00 55"}}
{"sessionId":"e9412c","runId":"post-fix","hypothesisId":"B","location":"pollRadar:scan","message":"serial ingest snapshot","timestamp":50721,"data":{"avail":0,"rxLen":32,"hdr2451":-1,"hdr2417":2,"tail2451":-1,"tail2417":5,"payloadLen":-1,"parsedCount":-1}}
{"sessionId":"e9412c","runId":"post-fix","hypothesisId":"B","location":"pollRadar:sample","message":"rx buffer sample","timestamp":50754,"data":{"hex":"55 55 AA AA 00 55 55 AA AA 00 55 55 AA AA 00 55"}}
{"sessionId":"e9412c","runId":"post-fix","hypothesisId":"B","location":"pollRadar:scan","message":"serial ingest snapshot","timestamp":51221,"data":{"avail":0,"rxLen":32,"hdr2451":-1,"hdr2417":2,"tail2451":-1,"tail2417":5,"payloadLen":-1,"parsedCount":-1}}
{"sessionId":"e9412c","runId":"post-fix","hypothesisId":"B","location":"pollRadar:sample","message":"rx buffer sample","timestamp":51254,"data":{"hex":"55 55 AA AA 00 55 55 AA AA 00 55 55 AA AA 00 55"}}
{"sessionId":"e9412c","runId":"post-fix","hypothesisId":"B","location":"pollRadar:scan","message":"serial ingest snapshot","timestamp":51721,"data":{"avail":0,"rxLen":32,"hdr2451":-1,"hdr2417":2,"tail2451":-1,"tail2417":5,"payloadLen":-1,"parsedCount":-1}}
{"sessionId":"e9412c","runId":"post-fix","hypothesisId":"B","location":"pollRadar:sample","message":"rx buffer sample","timestamp":51754,"data":{"hex":"55 55 AA AA 00 55 55 AA AA 00 55 55 AA AA 00 55"}}
{"sessionId":"e9412c","runId":"post-fix","hypothesisId":"B","location":"pollRadar:scan","message":"serial ingest snapshot","timestamp":52221,"data":{"avail":0,"rxLen":32,"hdr2451":-1,"hdr2417":2,"tail2451":-1,"tail2417":5,"payloadLen":-1,"parsedCount":-1}}
{"sessionId":"e9412c","runId":"post-fix","hypothesisId":"B","location":"pollRadar:sample","message":"rx buffer sample","timestamp":52254,"data":{"hex":"55 55 AA AA 00 55 55 AA AA 00 55 55 AA AA 00 55"}}
{"sessionId":"e9412c","runId":"post-fix","hypothesisId":"B","location":"pollRadar:scan","message":"serial ingest snapshot","timestamp":52721,"data":{"avail":0,"rxLen":32,"hdr2451":-1,"hdr2417":2,"tail2451":-1,"tail2417":5,"payloadLen":-1,"parsedCount":-1}}
{"sessionId":"e9412c","runId":"post-fix","hypothesisId":"B","location":"pollRadar:sample","message":"rx buffer sample","timestamp":52754,"data":{"hex":"55 55 AA AA 00 55 55 AA AA 00 55 55 AA AA 00 55"}}
{"sessionId":"e9412c","runId":"post-fix","hypothesisId":"B","location":"pollRadar:scan","message":"serial ingest snapshot","timestamp":53221,"data":{"avail":0,"rxLen":32,"hdr2451":-1,"hdr2417":2,"tail2451":-1,"tail2417":5,"payloadLen":-1,"parsedCount":-1}}
{"sessionId":"e9412c","runId":"post-fix","hypothesisId":"B","location":"pollRadar:sample","message":"rx buffer sample","timestamp":53254,"data":{"hex":"55 55 AA AA 00 55 55 AA AA 00 55 55 AA AA 00 55"}}
{"sessionId":"e9412c","runId":"post-fix","hypothesisId":"B","location":"pollRadar:scan","message":"serial ingest snapshot","timestamp":53721,"data":{"avail":0,"rxLen":32,"hdr2451":-1,"hdr2417":2,"tail2451":-1,"tail2417":5,"payloadLen":-1,"parsedCount":-1}}
{"sessionId":"e9412c","runId":"post-fix","hypothesisId":"B","location":"pollRadar:sample","message":"rx buffer sample","timestamp":53754,"data":{"hex":"55 55 AA AA 00 55 55 AA AA 00 55 55 AA AA 00 55"}}
{"sessionId":"e9412c","runId":"post-fix","hypothesisId":"B","location":"pollRadar:scan","message":"serial ingest snapshot","timestamp":54221,"data":{"avail":0,"rxLen":32,"hdr2451":-1,"hdr2417":2,"tail2451":-1,"tail2417":5,"payloadLen":-1,"parsedCount":-1}}
{"sessionId":"e9412c","runId":"post-fix","hypothesisId":"B","location":"pollRadar:sample","message":"rx buffer sample","timestamp":54254,"data":{"hex":"55 55 AA AA 00 55 55 AA AA 00 55 55 AA AA 00 55"}}
{"sessionId":"e9412c","runId":"post-fix","hypothesisId":"B","location":"pollRadar:scan","message":"serial ingest snapshot","timestamp":54721,"data":{"avail":0,"rxLen":32,"hdr2451":-1,"hdr2417":2,"tail2451":-1,"tail2417":5,"payloadLen":-1,"parsedCount":-1}}
{"sessionId":"e9412c","runId":"post-fix","hypothesisId":"B","location":"pollRadar:sample","message":"rx buffer sample","timestamp":54754,"data":{"hex":"55 55 AA AA 00 55 55 AA AA 00 55 55 AA AA 00 55"}}
{"sessionId":"e9412c","runId":"post-fix","hypothesisId":"B","location":"pollRadar:scan","message":"serial ingest snapshot","timestamp":55221,"data":{"avail":0,"rxLen":32,"hdr2451":-1,"hdr2417":2,"tail2451":-1,"tail2417":5,"payloadLen":-1,"parsedCount":-1}}
{"sessionId":"e9412c","runId":"post-fix","hypothesisId":"B","location":"pollRadar:sample","message":"rx buffer sample","timestamp":55254,"data":{"hex":"55 55 AA AA 00 55 55 AA AA 00 55 55 AA AA 00 55"}}
{"sessionId":"e9412c","runId":"post-fix","hypothesisId":"B","location":"pollRadar:scan","message":"serial ingest snapshot","timestamp":55721,"data":{"avail":0,"rxLen":32,"hdr2451":-1,"hdr2417":2,"tail2451":-1,"tail2417":5,"payloadLen":-1,"parsedCount":-1}}
{"sessionId":"e9412c","runId":"post-fix","hypothesisId":"B","location":"pollRadar:sample","message":"rx buffer sample","timestamp":55754,"data":{"hex":"55 55 AA AA 00 55 55 AA AA 00 55 55 AA AA 00 55"}}
{"sessionId":"e9412c","runId":"post-fix","hypothesisId":"B","location":"pollRadar:scan","message":"serial ingest snapshot","timestamp":56221,"data":{"avail":0,"rxLen":32,"hdr2451":-1,"hdr2417":2,"tail2451":-1,"tail2417":5,"payloadLen":-1,"parsedCount":-1}}
{"sessionId":"e9412c","runId":"post-fix","hypothesisId":"B","location":"pollRadar:sample","message":"rx buffer sample","timestamp":56254,"data":{"hex":"55 55 AA AA 00 55 55 AA AA 00 55 55 AA AA 00 55"}}
{"sessionId":"e9412c","runId":"post-fix","hypothesisId":"B","location":"pollRadar:scan","message":"serial ingest snapshot","timestamp":56721,"data":{"avail":0,"rxLen":32,"hdr2451":-1,"hdr2417":2,"tail2451":-1,"tail2417":5,"payloadLen":-1,"parsedCount":-1}}
{"sessionId":"e9412c","runId":"post-fix","hypothesisId":"B","location":"pollRadar:sample","message":"rx buffer sample","timestamp":56754,"data":{"hex":"55 55 AA AA 00 55 55 AA AA 00 55 55 AA AA 00 55"}}
{"sessionId":"e9412c","runId":"post-fix","hypothesisId":"B","location":"pollRadar:scan","message":"serial ingest snapshot","timestamp":57221,"data":{"avail":0,"rxLen":32,"hdr2451":-1,"hdr2417":2,"tail2451":-1,"tail2417":5,"payloadLen":-1,"parsedCount":-1}}
{"sessionId":"e9412c","runId":"post-fix","hypothesisId":"B","location":"pollRadar:sample","message":"rx buffer sample","timestamp":57254,"data":{"hex":"55 55 AA AA 00 55 55 AA AA 00 55 55 AA AA 00 55"}}
{"sessionId":"e9412c","runId":"post-fix","hypothesisId":"B","location":"pollRadar:scan","message":"serial ingest snapshot","timestamp":57721,"data":{"avail":0,"rxLen":32,"hdr2451":-1,"hdr2417":2,"tail2451":-1,"tail2417":5,"payloadLen":-1,"parsedCount":-1}}
{"sessionId":"e9412c","runId":"post-fix","hypothesisId":"B","location":"pollRadar:sample","message":"rx buffer sample","timestamp":57754,"data":{"hex":"55 55 AA AA 00 55 55 AA AA 00 55 55 AA AA 00 55"}}
{"sessionId":"e9412c","runId":"post-fix","hypothesisId":"B","location":"pollRadar:scan","message":"serial ingest snapshot","timestamp":58221,"data":{"avail":0,"rxLen":32,"hdr2451":-1,"hdr2417":2,"tail2451":-1,"tail2417":5,"payloadLen":-1,"parsedCount":-1}}
{"sessionId":"e9412c","runId":"post-fix","hypothesisId":"B","location":"pollRadar:sample","message":"rx buffer sample","timestamp":58254,"data":{"hex":"55 55 AA AA 00 55 55 AA AA 00 55 55 AA AA 00 55"}}
{"sessionId":"e9412c","runId":"post-fix","hypothesisId":"B","location":"pollRadar:scan","message":"serial ingest snapshot","timestamp":58721,"data":{"avail":0,"rxLen":32,"hdr2451":-1,"hdr2417":2,"tail2451":-1,"tail2417":5,"payloadLen":-1,"parsedCount":-1}}
{"sessionId":"e9412c","runId":"post-fix","hypothesisId":"B","location":"pollRadar:sample","message":"rx buffer sample","timestamp":58754,"data":{"hex":"55 55 AA AA 00 55 55 AA AA 00 55 55 AA AA 00 55"}}
{"sessionId":"e9412c","runId":"post-fix","hypothesisId":"B","location":"pollRadar:scan","message":"serial ingest snapshot","timestamp":59221,"data":{"avail":0,"rxLen":32,"hdr2451":-1,"hdr2417":2,"tail2451":-1,"tail2417":5,"payloadLen":-1,"parsedCount":-1}}
{"sessionId":"e9412c","runId":"post-fix","hypothesisId":"B","location":"pollRadar:sample","message":"rx buffer sample","timestamp":59254,"data":{"hex":"55 55 AA AA 00 55 55 AA AA 00 55 55 AA AA 00 55"}}
{"sessionId":"e9412c","runId":"post-fix","hypothesisId":"B","location":"pollRadar:scan","message":"serial ingest snapshot","timestamp":59721,"data":{"avail":0,"rxLen":32,"hdr2451":-1,"hdr2417":2,"tail2451":-1,"tail2417":5,"payloadLen":-1,"parsedCount":-1}}
{"sessionId":"e9412c","runId":"post-fix","hypothesisId":"B","location":"pollRadar:sample","message":"rx buffer sample","timestamp":59754,"data":{"hex":"55 55 AA AA 00 55 55 AA AA 00 55 55 AA AA 00 55"}}
{"sessionId":"e9412c","runId":"post-fix","hypothesisId":"B","location":"pollRadar:scan","message":"serial ingest snapshot","timestamp":60221,"data":{"avail":0,"rxLen":32,"hdr2451":-1,"hdr2417":2,"tail2451":-1,"tail2417":5,"payloadLen":-1,"parsedCount":-1}}
{"sessionId":"e9412c","runId":"post-fix","hypothesisId":"B","location":"pollRadar:sample","message":"rx buffer sample","timestamp":60254,"data":{"hex":"55 55 AA AA 00 55 55 AA AA 00 55 55 AA AA 00 55"}}
{"sessionId":"e9412c","runId":"post-fix","hypothesisId":"B","location":"pollRadar:scan","message":"serial ingest snapshot","timestamp":60721,"data":{"avail":0,"rxLen":32,"hdr2451":-1,"hdr2417":2,"tail2451":-1,"tail2417":5,"payloadLen":-1,"parsedCount":-1}}
{"sessionId":"e9412c","runId":"post-fix","hypothesisId":"B","location":"pollRadar:sample","message":"rx buffer sample","timestamp":60754,"data":{"hex":"55 55 AA AA 00 55 55 AA AA 00 55 55 AA AA 00 55"}}
{"sessionId":"e9412c","runId":"post-fix","hypothesisId":"B","location":"pollRadar:scan","message":"serial ingest snapshot","timestamp":61221,"data":{"avail":0,"rxLen":32,"hdr2451":-1,"hdr2417":2,"tail2451":-1,"tail2417":5,"payloadLen":-1,"parsedCount":-1}}
{"sessionId":"e9412c","runId":"post-fix","hypothesisId":"B","location":"pollRadar:sample","message":"rx buffer sample","timestamp":61254,"data":{"hex":"55 55 AA AA 00 55 55 AA AA 00 55 55 AA AA 00 55"}}
{"sessionId":"e9412c","runId":"post-fix","hypothesisId":"B","location":"pollRadar:scan","message":"serial ingest snapshot","timestamp":61721,"data":{"avail":0,"rxLen":32,"hdr2451":-1,"hdr2417":2,"tail2451":-1,"tail2417":5,"payloadLen":-1,"parsedCount":-1}}
{"sessionId":"e9412c","runId":"post-fix","hypothesisId":"B","location":"pollRadar:sample","message":"rx buffer sample","timestamp":61754,"data":{"hex":"55 55 AA AA 00 55 55 AA AA 00 55 55 AA AA 00 55"}}
{"sessionId":"e9412c","runId":"post-fix","hypothesisId":"B","location":"pollRadar:scan","message":"serial ingest snapshot","timestamp":62221,"data":{"avail":0,"rxLen":32,"hdr2451":-1,"hdr2417":2,"tail2451":-1,"tail2417":5,"payloadLen":-1,"parsedCount":-1}}
{"sessionId":"e9412c","runId":"post-fix","hypothesisId":"B","location":"pollRadar:sample","message":"rx buffer sample","timestamp":62254,"data":{"hex":"55 55 AA AA 00 55 55 AA AA 00 55 55 AA AA 00 55"}}
{"sessionId":"e9412c","runId":"post-fix","hypothesisId":"B","location":"pollRadar:scan","message":"serial ingest snapshot","timestamp":62721,"data":{"avail":0,"rxLen":32,"hdr2451":-1,"hdr2417":2,"tail2451":-1,"tail2417":5,"payloadLen":-1,"parsedCount":-1}}
{"sessionId":"e9412c","runId":"post-fix","hypothesisId":"B","location":"pollRadar:sample","message":"rx buffer sample","timestamp":62754,"data":{"hex":"55 55 AA AA 00 55 55 AA AA 00 55 55 AA AA 00 55"}}
{"sessionId":"e9412c","runId":"post-fix","hypothesisId":"B","location":"pollRadar:scan","message":"serial ingest snapshot","timestamp":63221,"data":{"avail":0,"rxLen":32,"hdr2451":-1,"hdr2417":2,"tail2451":-1,"tail2417":5,"payloadLen":-1,"parsedCount":-1}}
{"sessionId":"e9412c","runId":"post-fix","hypothesisId":"B","location":"pollRadar:sample","message":"rx buffer sample","timestamp":63254,"data":{"hex":"55 55 AA AA 00 55 55 AA AA 00 55 55 AA AA 00 55"}}
{"sessionId":"e9412c","runId":"post-fix","hypothesisId":"B","location":"pollRadar:scan","message":"serial ingest snapshot","timestamp":63721,"data":{"avail":0,"rxLen":32,"hdr2451":-1,"hdr2417":2,"tail2451":-1,"tail2417":5,"payloadLen":-1,"parsedCount":-1}}
{"sessionId":"e9412c","runId":"post-fix","hypothesisId":"B","location":"pollRadar:sample","message":"rx buffer sample","timestamp":63754,"data":{"hex":"55 55 AA AA 00 55 55 AA AA 00 55 55 AA AA 00 55"}}
{"sessionId":"e9412c","runId":"post-fix","hypothesisId":"B","location":"pollRadar:scan","message":"serial ingest snapshot","timestamp":64221,"data":{"avail":0,"rxLen":32,"hdr2451":-1,"hdr2417":2,"tail2451":-1,"tail2417":5,"payloadLen":-1,"parsedCount":-1}}
{"sessionId":"e9412c","runId":"post-fix","hypothesisId":"B","location":"pollRadar:sample","message":"rx buffer sample","timestamp":64254,"data":{"hex":"55 55 AA AA 00 55 55 AA AA 00 55 55 AA AA 00 55"}}
{"sessionId":"e9412c","runId":"post-fix","hypothesisId":"B","location":"pollRadar:scan","message":"serial ingest snapshot","timestamp":64721,"data":{"avail":0,"rxLen":32,"hdr2451":-1,"hdr2417":2,"tail2451":-1,"tail2417":5,"payloadLen":-1,"parsedCount":-1}}
{"sessionId":"e9412c","runId":"post-fix","hypothesisId":"B","location":"pollRadar:sample","message":"rx buffer sample","timestamp":64754,"data":{"hex":"55 55 AA AA 00 55 55 AA AA 00 55 55 AA AA 00 55"}}
{"sessionId":"e9412c","runId":"post-fix","hypothesisId":"B","location":"pollRadar:scan","message":"serial ingest snapshot","timestamp":65221,"data":{"avail":0,"rxLen":32,"hdr2451":-1,"hdr2417":2,"tail2451":-1,"tail2417":5,"payloadLen":-1,"parsedCount":-1}}
{"sessionId":"e9412c","runId":"post-fix","hypothesisId":"B","location":"pollRadar:sample","message":"rx buffer sample","timestamp":65254,"data":{"hex":"55 55 AA AA 00 55 55 AA AA 00 55 55 AA AA 00 55"}}
{"sessionId":"e9412c","runId":"post-fix","hypothesisId":"B","location":"pollRadar:scan","message":"serial ingest snapshot","timestamp":65721,"data":{"avail":0,"rxLen":32,"hdr2451":-1,"hdr2417":2,"tail2451":-1,"tail2417":5,"payloadLen":-1,"parsedCount":-1}}
{"sessionId":"e9412c","runId":"post-fix","hypothesisId":"B","location":"pollRadar:sample","message":"rx buffer sample","timestamp":65754,"data":{"hex":"55 55 AA AA 00 55 55 AA AA 00 55 55 AA AA 00 55"}}
{"sessionId":"e9412c","runId":"post-fix","hypothesisId":"B","location":"pollRadar:scan","message":"serial ingest snapshot","timestamp":66221,"data":{"avail":0,"rxLen":32,"hdr2451":-1,"hdr2417":2,"tail2451":-1,"tail2417":5,"payloadLen":-1,"parsedCount":-1}}
{"sessionId":"e9412c","runId":"post-fix","hypothesisId":"B","location":"pollRadar:sample","message":"rx buffer sample","timestamp":66254,"data":{"hex":"55 55 AA AA 00 55 55 AA AA 00 55 55 AA AA 00 55"}}
{"sessionId":"e9412c","runId":"post-fix","hypothesisId":"B","location":"pollRadar:scan","message":"serial ingest snapshot","timestamp":66721,"data":{"avail":0,"rxLen":32,"hdr2451":-1,"hdr2417":2,"tail2451":-1,"tail2417":5,"payloadLen":-1,"parsedCount":-1}}
{"sessionId":"e9412c","runId":"post-fix","hypothesisId":"B","location":"pollRadar:sample","message":"rx buffer sample","timestamp":66754,"data":{"hex":"55 55 AA AA 00 55 55 AA AA 00 55 55 AA AA 00 55"}}
{"sessionId":"e9412c","runId":"post-fix","hypothesisId":"B","location":"pollRadar:scan","message":"serial ingest snapshot","timestamp":67221,"data":{"avail":0,"rxLen":32,"hdr2451":-1,"hdr2417":2,"tail2451":-1,"tail2417":5,"payloadLen":-1,"parsedCount":-1}}
{"sessionId":"e9412c","runId":"post-fix","hypothesisId":"B","location":"pollRadar:sample","message":"rx buffer sample","timestamp":67254,"data":{"hex":"55 55 AA AA 00 55 55 AA AA 00 55 55 AA AA 00 55"}}
{"sessionId":"e9412c","runId":"post-fix","hypothesisId":"B","location":"pollRadar:scan","message":"serial ingest snapshot","timestamp":67721,"data":{"avail":0,"rxLen":32,"hdr2451":-1,"hdr2417":2,"tail2451":-1,"tail2417":5,"payloadLen":-1,"parsedCount":-1}}
{"sessionId":"e9412c","runId":"post-fix","hypothesisId":"B","location":"pollRadar:sample","message":"rx buffer sample","timestamp":67754,"data":{"hex":"55 55 AA AA 00 55 55 AA AA 00 55 55 AA AA 00 55"}}
{"sessionId":"e9412c","runId":"post-fix","hypothesisId":"B","location":"pollRadar:scan","message":"serial ingest snapshot","timestamp":68221,"data":{"avail":0,"rxLen":32,"hdr2451":-1,"hdr2417":2,"tail2451":-1,"tail2417":5,"payloadLen":-1,"parsedCount":-1}}
{"sessionId":"e9412c","runId":"post-fix","hypothesisId":"B","location":"pollRadar:sample","message":"rx buffer sample","timestamp":68254,"data":{"hex":"55 55 AA AA 00 55 55 AA AA 00 55 55 AA AA 00 55"}}
{"sessionId":"e9412c","runId":"post-fix","hypothesisId":"B","location":"pollRadar:scan","message":"serial ingest snapshot","timestamp":68721,"data":{"avail":0,"rxLen":32,"hdr2451":-1,"hdr2417":2,"tail2451":-1,"tail2417":5,"payloadLen":-1,"parsedCount":-1}}
{"sessionId":"e9412c","runId":"post-fix","hypothesisId":"B","location":"pollRadar:sample","message":"rx buffer sample","timestamp":68754,"data":{"hex":"55 55 AA AA 00 55 55 AA AA 00 55 55 AA AA 00 55"}}
{"sessionId":"e9412c","runId":"post-fix","hypothesisId":"B","location":"pollRadar:scan","message":"serial ingest snapshot","timestamp":69221,"data":{"avail":0,"rxLen":32,"hdr2451":-1,"hdr2417":2,"tail2451":-1,"tail2417":5,"payloadLen":-1,"parsedCount":-1}}
{"sessionId":"e9412c","runId":"post-fix","hypothesisId":"B","location":"pollRadar:sample","message":"rx buffer sample","timestamp":69254,"data":{"hex":"55 55 AA AA 00 55 55 AA AA 00 55 55 AA AA 00 55"}}
{"sessionId":"e9412c","runId":"post-fix","hypothesisId":"B","location":"pollRadar:scan","message":"serial ingest snapshot","timestamp":69721,"data":{"avail":0,"rxLen":32,"hdr2451":-1,"hdr2417":2,"tail2451":-1,"tail2417":5,"payloadLen":-1,"parsedCount":-1}}
{"sessionId":"e9412c","runId":"post-fix","hypothesisId":"B","location":"pollRadar:sample","message":"rx buffer sample","timestamp":69754,"data":{"hex":"55 55 AA AA 00 55 55 AA AA 00 55 55 AA AA 00 55"}}
{"sessionId":"e9412c","runId":"post-fix","hypothesisId":"B","location":"pollRadar:scan","message":"serial ingest snapshot","timestamp":70221,"data":{"avail":0,"rxLen":32,"hdr2451":-1,"hdr2417":2,"tail2451":-1,"tail2417":5,"payloadLen":-1,"parsedCount":-1}}
{"sessionId":"e9412c","runId":"post-fix","hypothesisId":"B","location":"pollRadar:sample","message":"rx buffer sample","timestamp":70254,"data":{"hex":"55 55 AA AA 00 55 55 AA AA 00 55 55 AA AA 00 55"}}
{"sessionId":"e9412c","runId":"post-fix","hypothesisId":"B","location":"pollRadar:scan","message":"serial ingest snapshot","timestamp":70721,"data":{"avail":0,"rxLen":32,"hdr2451":-1,"hdr2417":2,"tail2451":-1,"tail2417":5,"payloadLen":-1,"parsedCount":-1}}
{"sessionId":"e9412c","runId":"post-fix","hypothesisId":"B","location":"pollRadar:sample","message":"rx buffer sample","timestamp":70754,"data":{"hex":"55 55 AA AA 00 55 55 AA AA 00 55 55 AA AA 00 55"}}
{"sessionId":"e9412c","runId":"post-fix","hypothesisId":"B","location":"pollRadar:scan","message":"serial ingest snapshot","timestamp":71221,"data":{"avail":0,"rxLen":32,"hdr2451":-1,"hdr2417":2,"tail2451":-1,"tail2417":5,"payloadLen":-1,"parsedCount":-1}}
{"sessionId":"e9412c","runId":"post-fix","hypothesisId":"B","location":"pollRadar:sample","message":"rx buffer sample","timestamp":71254,"data":{"hex":"55 55 AA AA 00 55 55 AA AA 00 55 55 AA AA 00 55"}}
{"sessionId":"e9412c","runId":"post-fix","hypothesisId":"B","location":"pollRadar:scan","message":"serial ingest snapshot","timestamp":71721,"data":{"avail":0,"rxLen":32,"hdr2451":-1,"hdr2417":2,"tail2451":-1,"tail2417":5,"payloadLen":-1,"parsedCount":-1}}
{"sessionId":"e9412c","runId":"post-fix","hypothesisId":"B","location":"pollRadar:sample","message":"rx buffer sample","timestamp":71754,"data":{"hex":"55 55 AA AA 00 55 55 AA AA 00 55 55 AA AA 00 55"}}
{"sessionId":"e9412c","runId":"post-fix","hypothesisId":"B","location":"pollRadar:scan","message":"serial ingest snapshot","timestamp":72221,"data":{"avail":0,"rxLen":32,"hdr2451":-1,"hdr2417":2,"tail2451":-1,"tail2417":5,"payloadLen":-1,"parsedCount":-1}}
{"sessionId":"e9412c","runId":"post-fix","hypothesisId":"B","location":"pollRadar:sample","message":"rx buffer sample","timestamp":72254,"data":{"hex":"55 55 AA AA 00 55 55 AA AA 00 55 55 AA AA 00 55"}}
{"sessionId":"e9412c","runId":"post-fix","hypothesisId":"B","location":"pollRadar:scan","message":"serial ingest snapshot","timestamp":72721,"data":{"avail":0,"rxLen":32,"hdr2451":-1,"hdr2417":2,"tail2451":-1,"tail2417":5,"payloadLen":-1,"parsedCount":-1}}
{"sessionId":"e9412c","runId":"post-fix","hypothesisId":"B","location":"pollRadar:sample","message":"rx buffer sample","timestamp":72754,"data":{"hex":"55 55 AA AA 00 55 55 AA AA 00 55 55 AA AA 00 55"}}
{"sessionId":"e9412c","runId":"post-fix","hypothesisId":"B","location":"pollRadar:scan","message":"serial ingest snapshot","timestamp":73221,"data":{"avail":0,"rxLen":32,"hdr2451":-1,"hdr2417":2,"tail2451":-1,"tail2417":5,"payloadLen":-1,"parsedCount":-1}}
{"sessionId":"e9412c","runId":"post-fix","hypothesisId":"B","location":"pollRadar:sample","message":"rx buffer sample","timestamp":73254,"data":{"hex":"55 55 AA AA 00 55 55 AA AA 00 55 55 AA AA 00 55"}}
{"sessionId":"e9412c","runId":"post-fix","hypothesisId":"B","location":"pollRadar:scan","message":"serial ingest snapshot","timestamp":73721,"data":{"avail":0,"rxLen":32,"hdr2451":-1,"hdr2417":2,"tail2451":-1,"tail2417":5,"payloadLen":-1,"parsedCount":-1}}
{"sessionId":"e9412c","runId":"post-fix","hypothesisId":"B","location":"pollRadar:sample","message":"rx buffer sample","timestamp":73754,"data":{"hex":"55 55 AA AA 00 55 55 AA AA 00 55 55 AA AA 00 55"}}
{"sessionId":"e9412c","runId":"post-fix","hypothesisId":"B","location":"pollRadar:scan","message":"serial ingest snapshot","timestamp":74221,"data":{"avail":0,"rxLen":32,"hdr2451":-1,"hdr2417":2,"tail2451":-1,"tail2417":5,"payloadLen":-1,"parsedCount":-1}}
{"sessionId":"e9412c","runId":"post-fix","hypothesisId":"B","location":"pollRadar:sample","message":"rx buffer sample","timestamp":74254,"data":{"hex":"55 55 AA AA 00 55 55 AA AA 00 55 55 AA AA 00 55"}}
{"sessionId":"e9412c","runId":"post-fix","hypothesisId":"B","location":"pollRadar:scan","message":"serial ingest snapshot","timestamp":74721,"data":{"avail":0,"rxLen":32,"hdr2451":-1,"hdr2417":2,"tail2451":-1,"tail2417":5,"payloadLen":-1,"parsedCount":-1}}
{"sessionId":"e9412c","runId":"post-fix","hypothesisId":"B","location":"pollRadar:sample","message":"rx buffer sample","timestamp":74754,"data":{"hex":"55 55 AA AA 00 55 55 AA AA 00 55 55 AA AA 00 55"}}
{"sessionId":"e9412c","runId":"post-fix","hypothesisId":"B","location":"pollRadar:scan","message":"serial ingest snapshot","timestamp":75221,"data":{"avail":0,"rxLen":32,"hdr2451":-1,"hdr2417":2,"tail2451":-1,"tail2417":5,"payloadLen":-1,"parsedCount":-1}}
{"sessionId":"e9412c","runId":"post-fix","hypothesisId":"B","location":"pollRadar:sample","message":"rx buffer sample","timestamp":75254,"data":{"hex":"55 55 AA AA 00 55 55 AA AA 00 55 55 AA AA 00 55"}}
{"sessionId":"e9412c","runId":"post-fix","hypothesisId":"B","location":"pollRadar:scan","message":"serial ingest snapshot","timestamp":75721,"data":{"avail":0,"rxLen":32,"hdr2451":-1,"hdr2417":2,"tail2451":-1,"tail2417":5,"payloadLen":-1,"parsedCount":-1}}
{"sessionId":"e9412c","runId":"post-fix","hypothesisId":"B","location":"pollRadar:sample","message":"rx buffer sample","timestamp":75754,"data":{"hex":"55 55 AA AA 00 55 55 AA AA 00 55 55 AA AA 00 55"}}
{"sessionId":"e9412c","runId":"post-fix","hypothesisId":"B","location":"pollRadar:scan","message":"serial ingest snapshot","timestamp":76221,"data":{"avail":0,"rxLen":32,"hdr2451":-1,"hdr2417":2,"tail2451":-1,"tail2417":5,"payloadLen":-1,"parsedCount":-1}}
{"sessionId":"e9412c","runId":"post-fix","hypothesisId":"B","location":"pollRadar:sample","message":"rx buffer sample","timestamp":76254,"data":{"hex":"55 55 AA AA 00 55 55 AA AA 00 55 55 AA AA 00 55"}}
{"sessionId":"e9412c","runId":"post-fix","hypothesisId":"B","location":"pollRadar:scan","message":"serial ingest snapshot","timestamp":76721,"data":{"avail":0,"rxLen":32,"hdr2451":-1,"hdr2417":2,"tail2451":-1,"tail2417":5,"payloadLen":-1,"parsedCount":-1}}
{"sessionId":"e9412c","runId":"post-fix","hypothesisId":"B","location":"pollRadar:sample","message":"rx buffer sample","timestamp":76754,"data":{"hex":"55 55 AA AA 00 55 55 AA AA 00 55 55 AA AA 00 55"}}
{"sessionId":"e9412c","runId":"post-fix","hypothesisId":"B","location":"pollRadar:scan","message":"serial ingest snapshot","timestamp":77221,"data":{"avail":0,"rxLen":32,"hdr2451":-1,"hdr2417":2,"tail2451":-1,"tail2417":5,"payloadLen":-1,"parsedCount":-1}}
{"sessionId":"e9412c","runId":"post-fix","hypothesisId":"B","location":"pollRadar:sample","message":"rx buffer sample","timestamp":77254,"data":{"hex":"55 55 AA AA 00 55 55 AA AA 00 55 55 AA AA 00 55"}}
{"sessionId":"e9412c","runId":"post-fix","hypothesisId":"B","location":"pollRadar:scan","message":"serial ingest snapshot","timestamp":77721,"data":{"avail":0,"rxLen":32,"hdr2451":-1,"hdr2417":2,"tail2451":-1,"tail2417":5,"payloadLen":-1,"parsedCount":-1}}
{"sessionId":"e9412c","runId":"post-fix","hypothesisId":"B","location":"pollRadar:sample","message":"rx buffer sample","timestamp":77754,"data":{"hex":"55 55 AA AA 00 55 55 AA AA 00 55 55 AA AA 00 55"}}
{"sessionId":"e9412c","runId":"post-fix","hypothesisId":"B","location":"pollRadar:scan","message":"serial ingest snapshot","timestamp":78221,"data":{"avail":0,"rxLen":32,"hdr2451":-1,"hdr2417":2,"tail2451":-1,"tail2417":5,"payloadLen":-1,"parsedCount":-1}}
{"sessionId":"e9412c","runId":"post-fix","hypothesisId":"B","location":"pollRadar:sample","message":"rx buffer sample","timestamp":78254,"data":{"hex":"55 55 AA AA 00 55 55 AA AA 00 55 55 AA AA 00 55"}}
{"sessionId":"e9412c","runId":"post-fix","hypothesisId":"B","location":"pollRadar:scan","message":"serial ingest snapshot","timestamp":78721,"data":{"avail":0,"rxLen":32,"hdr2451":-1,"hdr2417":2,"tail2451":-1,"tail2417":5,"payloadLen":-1,"parsedCount":-1}}
{"sessionId":"e9412c","runId":"post-fix","hypothesisId":"B","location":"pollRadar:sample","message":"rx buffer sample","timestamp":78754,"data":{"hex":"55 55 AA AA 00 55 55 AA AA 00 55 55 AA AA 00 55"}}
{"sessionId":"e9412c","runId":"post-fix","hypothesisId":"B","location":"pollRadar:scan","message":"serial ingest snapshot","timestamp":79221,"data":{"avail":0,"rxLen":32,"hdr2451":-1,"hdr2417":2,"tail2451":-1,"tail2417":5,"payloadLen":-1,"parsedCount":-1}}
{"sessionId":"e9412c","runId":"post-fix","hypothesisId":"B","location":"pollRadar:sample","message":"rx buffer sample","timestamp":79254,"data":{"hex":"55 55 AA AA 00 55 55 AA AA 00 55 55 AA AA 00 55"}}
{"sessionId":"e9412c","runId":"post-fix","hypothesisId":"B","location":"pollRadar:scan","message":"serial ingest snapshot","timestamp":79721,"data":{"avail":0,"rxLen":32,"hdr2451":-1,"hdr2417":2,"tail2451":-1,"tail2417":5,"payloadLen":-1,"parsedCount":-1}}
{"sessionId":"e9412c","runId":"post-fix","hypothesisId":"B","location":"pollRadar:sample","message":"rx buffer sample","timestamp":79754,"data":{"hex":"55 55 AA AA 00 55 55 AA AA 00 55 55 AA AA 00 55"}}
{"sessionId":"e9412c","runId":"post-fix","hypothesisId":"B","location":"pollRadar:scan","message":"serial ingest snapshot","timestamp":80221,"data":{"avail":0,"rxLen":32,"hdr2451":-1,"hdr2417":2,"tail2451":-1,"tail2417":5,"payloadLen":-1,"parsedCount":-1}}
{"sessionId":"e9412c","runId":"post-fix","hypothesisId":"B","location":"pollRadar:sample","message":"rx buffer sample","timestamp":80254,"data":{"hex":"55 55 AA AA 00 55 55 AA AA 00 55 55 AA AA 00 55"}}
{"sessionId":"e9412c","runId":"post-fix","hypothesisId":"B","location":"pollRadar:scan","message":"serial ingest snapshot","timestamp":80721,"data":{"avail":0,"rxLen":32,"hdr2451":-1,"hdr2417":2,"tail2451":-1,"tail2417":5,"payloadLen":-1,"parsedCount":-1}}
{"sessionId":"e9412c","runId":"post-fix","hypothesisId":"B","location":"pollRadar:sample","message":"rx buffer sample","timestamp":80754,"data":{"hex":"55 55 AA AA 00 55 55 AA AA 00 55 55 AA AA 00 55"}}
{"sessionId":"e9412c","runId":"post-fix","hypothesisId":"B","location":"pollRadar:scan","message":"serial ingest snapshot","timestamp":81221,"data":{"avail":0,"rxLen":32,"hdr2451":-1,"hdr2417":2,"tail2451":-1,"tail2417":5,"payloadLen":-1,"parsedCount":-1}}
{"sessionId":"e9412c","runId":"post-fix","hypothesisId":"B","location":"pollRadar:sample","message":"rx buffer sample","timestamp":81254,"data":{"hex":"55 55 AA AA 00 55 55 AA AA 00 55 55 AA AA 00 55"}}
{"sessionId":"e9412c","runId":"post-fix","hypothesisId":"B","location":"pollRadar:scan","message":"serial ingest snapshot","timestamp":81721,"data":{"avail":0,"rxLen":32,"hdr2451":-1,"hdr2417":2,"tail2451":-1,"tail2417":5,"payloadLen":-1,"parsedCount":-1}}
{"sessionId":"e9412c","runId":"post-fix","hypothesisId":"B","location":"pollRadar:sample","message":"rx buffer sample","timestamp":81754,"data":{"hex":"55 55 AA AA 00 55 55 AA AA 00 55 55 AA AA 00 55"}}
{"sessionId":"e9412c","runId":"post-fix","hypothesisId":"B","location":"pollRadar:scan","message":"serial ingest snapshot","timestamp":82221,"data":{"avail":0,"rxLen":32,"hdr2451":-1,"hdr2417":2,"tail2451":-1,"tail2417":5,"payloadLen":-1,"parsedCount":-1}}
{"sessionId":"e9412c","runId":"post-fix","hypothesisId":"B","location":"pollRadar:sample","message":"rx buffer sample","timestamp":82254,"data":{"hex":"55 55 AA AA 00 55 55 AA AA 00 55 55 AA AA 00 55"}}
{"sessionId":"e9412c","runId":"post-fix","hypothesisId":"B","location":"pollRadar:scan","message":"serial ingest snapshot","timestamp":82721,"data":{"avail":0,"rxLen":32,"hdr2451":-1,"hdr2417":2,"tail2451":-1,"tail2417":5,"payloadLen":-1,"parsedCount":-1}}
{"sessionId":"e9412c","runId":"post-fix","hypothesisId":"B","location":"pollRadar:sample","message":"rx buffer sample","timestamp":82754,"data":{"hex":"55 55 AA AA 00 55 55 AA AA 00 55 55 AA AA 00 55"}}
{"sessionId":"e9412c","runId":"post-fix","hypothesisId":"B","location":"pollRadar:scan","message":"serial ingest snapshot","timestamp":83221,"data":{"avail":0,"rxLen":32,"hdr2451":-1,"hdr2417":2,"tail2451":-1,"tail2417":5,"payloadLen":-1,"parsedCount":-1}}
{"sessionId":"e9412c","runId":"post-fix","hypothesisId":"B","location":"pollRadar:sample","message":"rx buffer sample","timestamp":83254,"data":{"hex":"55 55 AA AA 00 55 55 AA AA 00 55 55 AA AA 00 55"}}
{"sessionId":"e9412c","runId":"post-fix","hypothesisId":"B","location":"pollRadar:scan","message":"serial ingest snapshot","timestamp":83721,"data":{"avail":0,"rxLen":32,"hdr2451":-1,"hdr2417":2,"tail2451":-1,"tail2417":5,"payloadLen":-1,"parsedCount":-1}}
{"sessionId":"e9412c","runId":"post-fix","hypothesisId":"B","location":"pollRadar:sample","message":"rx buffer sample","timestamp":83754,"data":{"hex":"55 55 AA AA 00 55 55 AA AA 00 55 55 AA AA 00 55"}}
{"sessionId":"e9412c","runId":"post-fix","hypothesisId":"B","location":"pollRadar:scan","message":"serial ingest snapshot","timestamp":84221,"data":{"avail":0,"rxLen":32,"hdr2451":-1,"hdr2417":2,"tail2451":-1,"tail2417":5,"payloadLen":-1,"parsedCount":-1}}
{"sessionId":"e9412c","runId":"post-fix","hypothesisId":"B","location":"pollRadar:sample","message":"rx buffer sample","timestamp":84254,"data":{"hex":"55 55 AA AA 00 55 55 AA AA 00 55 55 AA AA 00 55"}}
{"sessionId":"e9412c","runId":"post-fix","hypothesisId":"B","location":"pollRadar:scan","message":"serial ingest snapshot","timestamp":84721,"data":{"avail":0,"rxLen":32,"hdr2451":-1,"hdr2417":2,"tail2451":-1,"tail2417":5,"payloadLen":-1,"parsedCount":-1}}
{"sessionId":"e9412c","runId":"post-fix","hypothesisId":"B","location":"pollRadar:sample","message":"rx buffer sample","timestamp":84754,"data":{"hex":"55 55 AA AA 00 55 55 AA AA 00 55 55 AA AA 00 55"}}
{"sessionId":"e9412c","runId":"post-fix","hypothesisId":"B","location":"pollRadar:scan","message":"serial ingest snapshot","timestamp":85221,"data":{"avail":0,"rxLen":32,"hdr2451":-1,"hdr2417":2,"tail2451":-1,"tail2417":5,"payloadLen":-1,"parsedCount":-1}}
{"sessionId":"e9412c","runId":"post-fix","hypothesisId":"B","location":"pollRadar:sample","message":"rx buffer sample","timestamp":85254,"data":{"hex":"55 55 AA AA 00 55 55 AA AA 00 55 55 AA AA 00 55"}}
{"sessionId":"e9412c","runId":"post-fix","hypothesisId":"B","location":"pollRadar:scan","message":"serial ingest snapshot","timestamp":85721,"data":{"avail":0,"rxLen":32,"hdr2451":-1,"hdr2417":2,"tail2451":-1,"tail2417":5,"payloadLen":-1,"parsedCount":-1}}
{"sessionId":"e9412c","runId":"post-fix","hypothesisId":"B","location":"pollRadar:sample","message":"rx buffer sample","timestamp":85754,"data":{"hex":"55 55 AA AA 00 55 55 AA AA 00 55 55 AA AA 00 55"}}
{"sessionId":"e9412c","runId":"post-fix","hypothesisId":"B","location":"pollRadar:scan","message":"serial ingest snapshot","timestamp":86221,"data":{"avail":0,"rxLen":32,"hdr2451":-1,"hdr2417":2,"tail2451":-1,"tail2417":5,"payloadLen":-1,"parsedCount":-1}}
{"sessionId":"e9412c","runId":"post-fix","hypothesisId":"B","location":"pollRadar:sample","message":"rx buffer sample","timestamp":86254,"data":{"hex":"55 55 AA AA 00 55 55 AA AA 00 55 55 AA AA 00 55"}}
{"sessionId":"e9412c","runId":"post-fix","hypothesisId":"B","location":"pollRadar:scan","message":"serial ingest snapshot","timestamp":86721,"data":{"avail":0,"rxLen":32,"hdr2451":-1,"hdr2417":2,"tail2451":-1,"tail2417":5,"payloadLen":-1,"parsedCount":-1}}
{"sessionId":"e9412c","runId":"post-fix","hypothesisId":"B","location":"pollRadar:sample","message":"rx buffer sample","timestamp":86754,"data":{"hex":"55 55 AA AA 00 55 55 AA AA 00 55 55 AA AA 00 55"}}
{"sessionId":"e9412c","runId":"post-fix","hypothesisId":"B","location":"pollRadar:scan","message":"serial ingest snapshot","timestamp":87221,"data":{"avail":0,"rxLen":32,"hdr2451":-1,"hdr2417":2,"tail2451":-1,"tail2417":5,"payloadLen":-1,"parsedCount":-1}}
{"sessionId":"e9412c","runId":"post-fix","hypothesisId":"B","location":"pollRadar:sample","message":"rx buffer sample","timestamp":87254,"data":{"hex":"55 55 AA AA 00 55 55 AA AA 00 55 55 AA AA 00 55"}}
{"sessionId":"e9412c","runId":"post-fix","hypothesisId":"B","location":"pollRadar:scan","message":"serial ingest snapshot","timestamp":87721,"data":{"avail":0,"rxLen":32,"hdr2451":-1,"hdr2417":2,"tail2451":-1,"tail2417":5,"payloadLen":-1,"parsedCount":-1}}
{"sessionId":"e9412c","runId":"post-fix","hypothesisId":"B","location":"pollRadar:sample","message":"rx buffer sample","timestamp":87754,"data":{"hex":"55 55 AA AA 00 55 55 AA AA 00 55 55 AA AA 00 55"}}
{"sessionId":"e9412c","runId":"post-fix","hypothesisId":"B","location":"pollRadar:scan","message":"serial ingest snapshot","timestamp":88221,"data":{"avail":0,"rxLen":32,"hdr2451":-1,"hdr2417":2,"tail2451":-1,"tail2417":5,"payloadLen":-1,"parsedCount":-1}}
{"sessionId":"e9412c","runId":"post-fix","hypothesisId":"B","location":"pollRadar:sample","message":"rx buffer sample","timestamp":88254,"data":{"hex":"55 55 AA AA 00 55 55 AA AA 00 55 55 AA AA 00 55"}}
{"sessionId":"e9412c","runId":"post-fix","hypothesisId":"B","location":"pollRadar:scan","message":"serial ingest snapshot","timestamp":88721,"data":{"avail":0,"rxLen":32,"hdr2451":-1,"hdr2417":2,"tail2451":-1,"tail2417":5,"payloadLen":-1,"parsedCount":-1}}
{"sessionId":"e9412c","runId":"post-fix","hypothesisId":"B","location":"pollRadar:sample","message":"rx buffer sample","timestamp":88754,"data":{"hex":"55 55 AA AA 00 55 55 AA AA 00 55 55 AA AA 00 55"}}
{"sessionId":"e9412c","runId":"post-fix","hypothesisId":"B","location":"pollRadar:scan","message":"serial ingest snapshot","timestamp":89221,"data":{"avail":0,"rxLen":32,"hdr2451":-1,"hdr2417":2,"tail2451":-1,"tail2417":5,"payloadLen":-1,"parsedCount":-1}}
{"sessionId":"e9412c","runId":"post-fix","hypothesisId":"B","location":"pollRadar:sample","message":"rx buffer sample","timestamp":89254,"data":{"hex":"55 55 AA AA 00 55 55 AA AA 00 55 55 AA AA 00 55"}}
{"sessionId":"e9412c","runId":"post-fix","hypothesisId":"B","location":"pollRadar:scan","message":"serial ingest snapshot","timestamp":89721,"data":{"avail":0,"rxLen":32,"hdr2451":-1,"hdr2417":2,"tail2451":-1,"tail2417":5,"payloadLen":-1,"parsedCount":-1}}
{"sessionId":"e9412c","runId":"post-fix","hypothesisId":"B","location":"pollRadar:sample","message":"rx buffer sample","timestamp":89754,"data":{"hex":"55 55 AA AA 00 55 55 AA AA 00 55 55 AA AA 00 55"}}
{"sessionId":"e9412c","runId":"post-fix","hypothesisId":"B","location":"pollRadar:scan","message":"serial ingest snapshot","timestamp":90221,"data":{"avail":0,"rxLen":32,"hdr2451":-1,"hdr2417":2,"tail2451":-1,"tail2417":5,"payloadLen":-1,"parsedCount":-1}}
{"sessionId":"e9412c","runId":"post-fix","hypothesisId":"B","location":"pollRadar:sample","message":"rx buffer sample","timestamp":90254,"data":{"hex":"55 55 AA AA 00 55 55 AA AA 00 55 55 AA AA 00 55"}}
{"sessionId":"e9412c","runId":"post-fix","hypothesisId":"B","location":"pollRadar:scan","message":"serial ingest snapshot","timestamp":90721,"data":{"avail":0,"rxLen":32,"hdr2451":-1,"hdr2417":2,"tail2451":-1,"tail2417":5,"payloadLen":-1,"parsedCount":-1}}
{"sessionId":"e9412c","runId":"post-fix","hypothesisId":"B","location":"pollRadar:sample","message":"rx buffer sample","timestamp":90754,"data":{"hex":"55 55 AA AA 00 55 55 AA AA 00 55 55 AA AA 00 55"}}
{"sessionId":"e9412c","runId":"post-fix","hypothesisId":"B","location":"pollRadar:scan","message":"serial ingest snapshot","timestamp":91221,"data":{"avail":0,"rxLen":32,"hdr2451":-1,"hdr2417":2,"tail2451":-1,"tail2417":5,"payloadLen":-1,"parsedCount":-1}}
{"sessionId":"e9412c","runId":"post-fix","hypothesisId":"B","location":"pollRadar:sample","message":"rx buffer sample","timestamp":91254,"data":{"hex":"55 55 AA AA 00 55 55 AA AA 00 55 55 AA AA 00 55"}}
{"sessionId":"e9412c","runId":"post-fix","hypothesisId":"B","location":"pollRadar:scan","message":"serial ingest snapshot","timestamp":91721,"data":{"avail":0,"rxLen":32,"hdr2451":-1,"hdr2417":2,"tail2451":-1,"tail2417":5,"payloadLen":-1,"parsedCount":-1}}
{"sessionId":"e9412c","runId":"post-fix","hypothesisId":"B","location":"pollRadar:sample","message":"rx buffer sample","timestamp":91754,"data":{"hex":"55 55 AA AA 00 55 55 AA AA 00 55 55 AA AA 00 55"}}
{"sessionId":"e9412c","runId":"post-fix","hypothesisId":"B","location":"pollRadar:scan","message":"serial ingest snapshot","timestamp":92221,"data":{"avail":0,"rxLen":32,"hdr2451":-1,"hdr2417":2,"tail2451":-1,"tail2417":5,"payloadLen":-1,"parsedCount":-1}}
{"sessionId":"e9412c","runId":"post-fix","hypothesisId":"B","location":"pollRadar:sample","message":"rx buffer sample","timestamp":92254,"data":{"hex":"55 55 AA AA 00 55 55 AA AA 00 55 55 AA AA 00 55"}}
{"sessionId":"e9412c","runId":"post-fix","hypothesisId":"B","location":"pollRadar:scan","message":"serial ingest snapshot","timestamp":92721,"data":{"avail":0,"rxLen":32,"hdr2451":-1,"hdr2417":2,"tail2451":-1,"tail2417":5,"payloadLen":-1,"parsedCount":-1}}
{"sessionId":"e9412c","runId":"post-fix","hypothesisId":"B","location":"pollRadar:sample","message":"rx buffer sample","timestamp":92754,"data":{"hex":"55 55 AA AA 00 55 55 AA AA 00 55 55 AA AA 00 55"}}
{"sessionId":"e9412c","runId":"post-fix","hypothesisId":"B","location":"pollRadar:scan","message":"serial ingest snapshot","timestamp":93221,"data":{"avail":0,"rxLen":32,"hdr2451":-1,"hdr2417":2,"tail2451":-1,"tail2417":5,"payloadLen":-1,"parsedCount":-1}}
{"sessionId":"e9412c","runId":"post-fix","hypothesisId":"B","location":"pollRadar:sample","message":"rx buffer sample","timestamp":93254,"data":{"hex":"55 55 AA AA 00 55 55 AA AA 00 55 55 AA AA 00 55"}}
{"sessionId":"e9412c","runId":"post-fix","hypothesisId":"B","location":"pollRadar:scan","message":"serial ingest snapshot","timestamp":93721,"data":{"avail":0,"rxLen":32,"hdr2451":-1,"hdr2417":2,"tail2451":-1,"tail2417":5,"payloadLen":-1,"parsedCount":-1}}
{"sessionId":"e9412c","runId":"post-fix","hypothesisId":"B","location":"pollRadar:sample","message":"rx buffer sample","timestamp":93754,"data":{"hex":"55 55 AA AA 00 55 55 AA AA 00 55 55 AA AA 00 55"}}
{"sessionId":"e9412c","runId":"post-fix","hypothesisId":"B","location":"pollRadar:scan","message":"serial ingest snapshot","timestamp":94221,"data":{"avail":0,"rxLen":32,"hdr2451":-1,"hdr2417":2,"tail2451":-1,"tail2417":5,"payloadLen":-1,"parsedCount":-1}}
{"sessionId":"e9412c","runId":"post-fix","hypothesisId":"B","location":"pollRadar:sample","message":"rx buffer sample","timestamp":94254,"data":{"hex":"55 55 AA AA 00 55 55 AA AA 00 55 55 AA AA 00 55"}}
{"sessionId":"e9412c","runId":"post-fix","hypothesisId":"B","location":"pollRadar:scan","message":"serial ingest snapshot","timestamp":94721,"data":{"avail":0,"rxLen":32,"hdr2451":-1,"hdr2417":2,"tail2451":-1,"tail2417":5,"payloadLen":-1,"parsedCount":-1}}
{"sessionId":"e9412c","runId":"post-fix","hypothesisId":"B","location":"pollRadar:sample","message":"rx buffer sample","timestamp":94754,"data":{"hex":"55 55 AA AA 00 55 55 AA AA 00 55 55 AA AA 00 55"}}
{"sessionId":"e9412c","runId":"post-fix","hypothesisId":"B","location":"pollRadar:scan","message":"serial ingest snapshot","timestamp":95221,"data":{"avail":0,"rxLen":32,"hdr2451":-1,"hdr2417":2,"tail2451":-1,"tail2417":5,"payloadLen":-1,"parsedCount":-1}}
{"sessionId":"e9412c","runId":"post-fix","hypothesisId":"B","location":"pollRadar:sample","message":"rx buffer sample","timestamp":95254,"data":{"hex":"55 55 AA AA 00 55 55 AA AA 00 55 55 AA AA 00 55"}}
{"sessionId":"e9412c","runId":"post-fix","hypothesisId":"B","location":"pollRadar:scan","message":"serial ingest snapshot","timestamp":95721,"data":{"avail":0,"rxLen":32,"hdr2451":-1,"hdr2417":2,"tail2451":-1,"tail2417":5,"payloadLen":-1,"parsedCount":-1}}
{"sessionId":"e9412c","runId":"post-fix","hypothesisId":"B","location":"pollRadar:sample","message":"rx buffer sample","timestamp":95754,"data":{"hex":"55 55 AA AA 00 55 55 AA AA 00 55 55 AA AA 00 55"}}
{"sessionId":"e9412c","runId":"post-fix","hypothesisId":"B","location":"pollRadar:scan","message":"serial ingest snapshot","timestamp":96221,"data":{"avail":0,"rxLen":32,"hdr2451":-1,"hdr2417":2,"tail2451":-1,"tail2417":5,"payloadLen":-1,"parsedCount":-1}}
{"sessionId":"e9412c","runId":"post-fix","hypothesisId":"B","location":"pollRadar:sample","message":"rx buffer sample","timestamp":96254,"data":{"hex":"55 55 AA AA 00 55 55 AA AA 00 55 55 AA AA 00 55"}}
{"sessionId":"e9412c","runId":"post-fix","hypothesisId":"B","location":"pollRadar:scan","message":"serial ingest snapshot","timestamp":96721,"data":{"avail":0,"rxLen":32,"hdr2451":-1,"hdr2417":2,"tail2451":-1,"tail2417":5,"payloadLen":-1,"parsedCount":-1}}
{"sessionId":"e9412c","runId":"post-fix","hypothesisId":"B","location":"pollRadar:sample","message":"rx buffer sample","timestamp":96754,"data":{"hex":"55 55 AA AA 00 55 55 AA AA 00 55 55 AA AA 00 55"}}
{"sessionId":"e9412c","runId":"post-fix","hypothesisId":"B","location":"pollRadar:scan","message":"serial ingest snapshot","timestamp":97221,"data":{"avail":0,"rxLen":32,"hdr2451":-1,"hdr2417":2,"tail2451":-1,"tail2417":5,"payloadLen":-1,"parsedCount":-1}}
{"sessionId":"e9412c","runId":"post-fix","hypothesisId":"B","location":"pollRadar:sample","message":"rx buffer sample","timestamp":97254,"data":{"hex":"55 55 AA AA 00 55 55 AA AA 00 55 55 AA AA 00 55"}}
{"sessionId":"e9412c","runId":"post-fix","hypothesisId":"B","location":"pollRadar:scan","message":"serial ingest snapshot","timestamp":97721,"data":{"avail":0,"rxLen":32,"hdr2451":-1,"hdr2417":2,"tail2451":-1,"tail2417":5,"payloadLen":-1,"parsedCount":-1}}
{"sessionId":"e9412c","runId":"post-fix","hypothesisId":"B","location":"pollRadar:sample","message":"rx buffer sample","timestamp":97754,"data":{"hex":"55 55 AA AA 00 55 55 AA AA 00 55 55 AA AA 00 55"}}
{"sessionId":"e9412c","runId":"post-fix","hypothesisId":"B","location":"pollRadar:scan","message":"serial ingest snapshot","timestamp":98221,"data":{"avail":0,"rxLen":32,"hdr2451":-1,"hdr2417":2,"tail2451":-1,"tail2417":5,"payloadLen":-1,"parsedCount":-1}}
{"sessionId":"e9412c","runId":"post-fix","hypothesisId":"B","location":"pollRadar:sample","message":"rx buffer sample","timestamp":98254,"data":{"hex":"55 55 AA AA 00 55 55 AA AA 00 55 55 AA AA 00 55"}}
{"sessionId":"e9412c","runId":"post-fix","hypothesisId":"B","location":"pollRadar:scan","message":"serial ingest snapshot","timestamp":98721,"data":{"avail":0,"rxLen":32,"hdr2451":-1,"hdr2417":2,"tail2451":-1,"tail2417":5,"payloadLen":-1,"parsedCount":-1}}
{"sessionId":"e9412c","runId":"post-fix","hypothesisId":"B","location":"pollRadar:sample","message":"rx buffer sample","timestamp":98754,"data":{"hex":"55 55 AA AA 00 55 55 AA AA 00 55 55 AA AA 00 55"}}
{"sessionId":"e9412c","runId":"post-fix","hypothesisId":"B","location":"pollRadar:scan","message":"serial ingest snapshot","timestamp":99221,"data":{"avail":0,"rxLen":32,"hdr2451":-1,"hdr2417":2,"tail2451":-1,"tail2417":5,"payloadLen":-1,"parsedCount":-1}}
{"sessionId":"e9412c","runId":"post-fix","hypothesisId":"B","location":"pollRadar:sample","message":"rx buffer sample","timestamp":99254,"data":{"hex":"55 55 AA AA 00 55 55 AA AA 00 55 55 AA AA 00 55"}}
{"sessionId":"e9412c","runId":"post-fix","hypothesisId":"B","location":"pollRadar:scan","message":"serial ingest snapshot","timestamp":99721,"data":{"avail":0,"rxLen":32,"hdr2451":-1,"hdr2417":2,"tail2451":-1,"tail2417":5,"payloadLen":-1,"parsedCount":-1}}
{"sessionId":"e9412c","runId":"post-fix","hypothesisId":"B","location":"pollRadar:sample","message":"rx buffer sample","timestamp":99754,"data":{"hex":"55 55 AA AA 00 55 55 AA AA 00 55 55 AA AA 00 55"}}
{"sessionId":"e9412c","runId":"post-fix","hypothesisId":"B","location":"pollRadar:scan","message":"serial ingest snapshot","timestamp":100221,"data":{"avail":0,"rxLen":32,"hdr2451":-1,"hdr2417":2,"tail2451":-1,"tail2417":5,"payloadLen":-1,"parsedCount":-1}}
{"sessionId":"e9412c","runId":"post-fix","hypothesisId":"B","location":"pollRadar:sample","message":"rx buffer sample","timestamp":100254,"data":{"hex":"55 55 AA AA 00 55 55 AA AA 00 55 55 AA AA 00 55"}}
{"sessionId":"e9412c","runId":"post-fix","hypothesisId":"B","location":"pollRadar:scan","message":"serial ingest snapshot","timestamp":100721,"data":{"avail":0,"rxLen":32,"hdr2451":-1,"hdr2417":2,"tail2451":-1,"tail2417":5,"payloadLen":-1,"parsedCount":-1}}
{"sessionId":"e9412c","runId":"post-fix","hypothesisId":"B","location":"pollRadar:sample","message":"rx buffer sample","timestamp":100754,"data":{"hex":"55 55 AA AA 00 55 55 AA AA 00 55 55 AA AA 00 55"}}
{"sessionId":"e9412c","runId":"post-fix","hypothesisId":"B","location":"pollRadar:scan","message":"serial ingest snapshot","timestamp":101221,"data":{"avail":0,"rxLen":32,"hdr2451":-1,"hdr2417":2,"tail2451":-1,"tail2417":5,"payloadLen":-1,"parsedCount":-1}}
{"sessionId":"e9412c","runId":"post-fix","hypothesisId":"B","location":"pollRadar:sample","message":"rx buffer sample","timestamp":101254,"data":{"hex":"55 55 AA AA 00 55 55 AA AA 00 55 55 AA AA 00 55"}}
